Combined Port Price Data ($/kg) Greenweight,Year range =  October to September,,,,,,,,,,,,,,
,,,,,,,,,,,,,,,
Fish Stock,Species,2008/09,2009/10,2010/11,2011/12,2012/13,2013/14,2014/15,2015/16,2016/17,2017/18,2018/19,2019/20,2020/21,2021/2022
ALB1,Albacore,2.11,2.11,2.31,2.37,2.65,2.30,2.09,2.09,2.84,2.91,2.89,3.439687284,3.700317015,3.954252422
ANC1,Anchovy,0.69,0.69,0.83,0.83,0.82,0.82,0.82,0.82,0.82,0.82,0.82,0.82,0.82,0.82
ANC10,Anchovy,0.69,0.69,0.83,0.83,0.82,0.82,0.82,0.82,0.82,0.82,0.82,0.82,0.82,0.82
ANC2,Anchovy,0.69,0.69,0.83,0.83,0.82,0.82,0.82,0.82,0.82,0.82,0.82,0.82,0.82,0.82
ANC3,Anchovy,0.69,0.69,0.83,0.83,0.82,0.82,0.82,0.82,0.82,0.82,0.82,0.82,0.82,0.82
ANC4,Anchovy,0.69,0.69,0.83,0.83,0.82,0.82,0.82,0.82,0.82,0.82,0.82,0.82,0.82,0.82
ANC7,Anchovy,0.69,0.69,0.83,0.83,0.82,0.82,0.82,0.82,0.82,0.82,0.82,0.82,0.82,0.82
ANC8,Anchovy,0.69,0.69,0.83,0.83,0.82,0.82,0.82,0.82,0.82,0.82,0.82,0.82,0.82,0.82
ANG11,Freshwater Eels,3.50,3.50,4.00,4.34,4.31,4.31,4.31,4.31,4.31,stock split,,,,
ANG12,Freshwater Eels,3.50,3.50,4.00,4.34,4.31,4.31,4.31,4.31,4.31,stock split,,,,
ANG13,Freshwater Eels,3.50,3.50,4.00,4.34,4.31,4.31,4.31,4.31,4.31,stock split,,,,
ANG14,Freshwater Eels,3.50,3.50,4.00,4.34,4.31,4.31,4.31,4.31,4.31,stock split,,,,
ANG15,Freshwater Eels,3.50,3.50,4.00,4.34,4.31,4.31,4.31,4.31,4.31,stock split,,,,
ANG16,Freshwater Eels,3.50,3.50,4.00,4.34,4.31,4.31,4.31,4.31,4.31,stock split,,,,
BAR1,Baracutta,0.24,0.24,0.29,0.39,0.39,0.33,0.33,0.32,0.33,0.30,0.400371107,0.308950514,0.300943526,0.32496387
BAR10,Baracutta,0.25,0.25,0.34,0.39,0.39,0.39,0.39,0.39,0.39,0.39,0.39,0.39,0.39,0.39
BAR4,Baracutta,0.25,0.25,0.33,0.39,0.39,0.39,0.39,0.30,0.30,0.30,0.844985116,0.264622041,0.280638469,0.269896982
BAR5,Baracutta,0.25,0.25,0.38,0.35,0.35,0.46,0.46,0.30,0.30,0.25,0.289192732,0.263298506,0.266962331,0.264497615
BAR7,Baracutta,0.25,0.25,0.38,0.43,0.43,0.30,0.30,0.32,0.57,0.31,0.692753289,0.280254389,0.28207972,0.239161946
BCO1,Blue Cod,3.76,3.76,5.93,5.82,5.77,6.08,6.08,4.34,7.19,7.19,6.09394064,5.470813271,6.022153469,8.874084061
BCO10,Blue Cod,3.76,3.76,4.66,4.08,4.05,4.05,4.05,4.05,4.05,4.05,4.05,4.05,4.05,4.05
BCO2,Blue Cod,3.76,3.76,4.66,4.08,4.05,4.05,4.05,4.34,6.60,6.60,6.09394064,5.470813271,6.022153469,8.874084061
BCO3,Blue Cod,3.93,3.93,4.50,4.46,4.42,4.60,4.60,5.35,5.43,6.52,6.742808585,7.089310262,7.359523801,11.12968405
BCO4,Blue Cod,3.76,3.76,4.66,4.08,4.05,4.05,4.05,4.05,5.26,5.26,5.255438013,5.255438013,5.46294794,6.366705371
BCO5,Blue Cod,3.74,3.74,5.13,4.20,4.17,4.98,6.64,4.53,5.13,5.23,5.913957836,4.849749376,5.993370993,9.260854318
BCO7,Blue Cod,3.76,3.76,4.44,4.08,4.05,4.05,4.33,4.92,5.27,6.07,6.082326593,8.95957911,6.934765444,7.644421937
BCO8,Blue Cod,3.76,3.76,4.17,4.08,4.05,6.21,6.21,6.06,6.51,6.51,6.09394064,5.470813271,6.022153469,8.874084061
BIG1,Bigeye Tuna,16.75,16.75,14.16,15.15,15.03,15.76,15.76,15.76,12.50,9.98,9.975070825,9.975070825,9.975070825,9.975070825
BNS1,Bluenose,4.73,4.73,5.80,5.57,5.53,6.04,6.55,6.46,6.62,6.62,5.208435881,7.71364789,7.656599759,6.779920518
BNS10,Bluenose,4.73,4.73,5.06,4.79,4.75,4.75,4.75,4.75,4.75,4.75,4.75,4.75,4.75,4.75
BNS2,Bluenose,5.27,5.27,5.01,5.16,5.12,5.72,5.55,5.40,6.49,5.11,6.050143505,5.412453076,5.21317216,6.108661677
BNS3,Bluenose,4.73,4.73,3.21,3.05,3.03,2.94,4.82,3.24,6.23,4.65,3.973034734,3.130093575,3.188283713,4.678901632
BNS7,Bluenose,3.98,3.98,3.59,3.46,3.43,2.90,2.76,4.23,5.48,3.47,4.086242265,2.743693109,2.67694466,3.476079565
BNS8,Bluenose,4.73,4.73,6.16,4.79,4.75,6.30,6.23,5.76,6.53,5.76,6.660133113,5.943466173,5.736105108,5.958958824
BSH,Seal Shark,2.05,2.05,0.78,0.63,,,,,,,1.11,,,
BSH1,Seal Shark,,,,,0.63,1.22,1.22,1.22,5.17,1.11,1.11,1.114002032,1.114002032,0.06
BSH2,Seal Shark,,,,,1.62,1.68,0.87,0.87,5.17,1.11,1.11,1.114002032,1.114002032,0.06
BSH3,Seal Shark,,,,,2.61,0.72,0.30,0.30,5.17,1.11,1.11,1.114002032,1.114002032,0.06
BSH4,Seal Shark,,,,,3.60,3.60,3.60,3.60,5.17,1.11,1.11,1.114002032,1.114002032,0.06
BSH5,Seal Shark,,,,,4.59,1.68,1.55,1.55,5.17,1.11,1.11,1.114002032,1.114002032,0.06
BSH6,Seal Shark,,,,,5.59,5.59,5.59,5.59,5.17,1.11,1.11,1.114002032,1.114002032,0.06
BSH7,Seal Shark,,,,,6.58,0.86,0.69,0.69,5.17,1.11,1.11,1.114002032,1.114002032,0.06
BSH8,Seal Shark,,,,,,1.22,1.22,1.22,5.17,1.11,1.11,1.114002032,1.114002032,0.06
BSH9,Seal Shark,,,,,,4.60,4.60,4.60,5.17,1.11,1.11,1.114002032,1.114002032,0.06
BUT1,Butterfish,1.58,1.58,4.97,4.76,4.72,4.72,4.72,4.72,5.00,5.00,4.996847084,4.996847084,4.996847084,4.996847084
BUT10,Butterfish,3.84,3.84,4.97,4.76,4.72,4.72,4.72,4.72,4.72,4.72,4.72,4.72,4.72,4.72
BUT2,Butterfish,3.84,3.84,4.97,4.76,4.72,4.72,5.57,5.57,5.45,4.35,4.352169567,4.352169567,4.352169567,4.005865417
BUT3,Butterfish,3.84,3.84,4.97,4.76,4.72,4.72,4.72,4.72,4.72,4.72,4.72,4.72,4.72,4.72
BUT4,Butterfish,3.84,3.84,4.97,4.76,4.72,4.72,4.72,4.72,4.72,4.72,4.72,4.72,4.72,4.72
BUT5,Butterfish,3.84,3.84,4.49,4.70,4.66,4.66,2.76,4.44,4.26,4.24,4.502111018,5.538045788,4.756595992,4.500397611
BUT6,Butterfish,3.84,3.84,4.97,4.76,4.72,4.41,4.41,4.41,4.41,4.41,4.41,4.41,4.41,4.41
BUT7,Butterfish,3.30,3.30,4.97,4.76,4.72,4.47,4.47,4.47,4.41,4.25,5.131164956,5.131164956,5.516037652,5.1213886
BWS1,Blue Shark,0.40,0.40,0.57,0.57,0.57,0.57,0.49,0.13,0.13,0.13,0.12517815,0.12517815,0.12517815,0.12517815
BYA1,Surf Clam   frilled venus,3.20,3.20,3.86,3.87,3.84,3.84,3.84,3.84,3.84,3.84,3.84,3.84,3.84,3.84
BYA2,Surf Clam   frilled venus,3.20,3.20,3.86,3.87,3.84,3.84,3.84,3.84,3.84,3.84,3.84,3.84,3.84,3.84
BYA3,Surf Clam   frilled venus,3.20,3.20,3.86,3.87,3.84,3.84,3.84,3.84,3.84,3.84,3.84,3.84,3.84,3.84
BYA4,Surf Clam   frilled venus,3.20,3.20,3.86,3.87,3.84,3.84,3.84,3.84,3.84,3.84,3.84,3.84,3.84,3.84
BYA5,Surf Clam   frilled venus,3.20,3.20,3.86,3.87,3.84,3.84,3.84,3.84,3.84,3.84,3.84,3.84,3.84,3.84
BYA7,Surf Clam   frilled venus,3.20,3.20,3.86,3.87,3.84,3.84,3.84,3.84,3.84,3.84,3.84,3.84,3.84,3.84
BYA8,Surf Clam   frilled venus,3.20,3.20,3.86,3.87,3.84,3.84,3.84,3.84,3.84,3.84,3.84,3.84,3.84,3.84
BYA9,Surf Clam   frilled venus,3.20,3.20,3.86,3.87,3.84,3.84,3.84,3.84,3.84,3.84,3.84,3.84,3.84,3.84
BYX1,Alfonsino,1.68,1.68,1.81,2.31,1.95,1.95,1.95,2.08,2.08,1.27,1.273727093,2.021823209,2.091507221,2.354078932
BYX10,Alfonsino,2.35,2.35,1.80,2.31,1.95,1.95,1.95,1.95,1.95,1.95,1.95,1.95,1.95,1.95
BYX2,Alfonsino,1.78,1.78,1.79,2.31,1.96,1.96,1.52,2.14,2.30,1.91,2.164898121,2.039907352,2.030501468,2.503204793
BYX3,Alfonsino,1.44,1.44,1.80,2.31,1.95,2.01,1.52,2.03,1.63,1.71,2.042637677,1.733999815,2.185717439,1.981098501
BYX7,Alfonsino,1.82,1.82,1.80,1.85,1.73,1.81,1.81,1.91,1.51,1.27,2.089435314,1.935792334,2.091507221,2.354078932
BYX8,Alfonsino,1.68,1.68,1.80,2.31,1.95,2.00,2.00,2.00,2.00,2.00,2,1.935792334,2.091507221,2.091507221
CDL1,Black Cardinal Fish,0.72,0.72,0.92,0.89,1.00,1.00,1.00,1.00,1.00,1.00,0.925543006,0.925543006,0.925543006,0.925543006
CDL10,Black Cardinal Fish,0.72,0.72,0.96,1.02,1.00,1.00,1.00,1.00,1.00,1.00,1,1,1,1
CDL2,Black Cardinal Fish,0.72,0.72,0.97,1.03,1.00,1.00,1.04,0.92,0.96,1.00,1.02165953,0.941112526,0.928378045,0.956200953
CDL3,Black Cardinal Fish,0.72,0.72,0.96,0.97,1.00,1.00,1.00,0.96,0.72,1.00,0.998124386,0.908948368,0.936096367,0.707068244
CDL4,Black Cardinal Fish,0.72,0.72,0.77,0.84,1.00,1.00,1.00,1.00,1.00,1.00,0.616541683,0.616541683,0.616541683,0.616541683
CDL5,Black Cardinal Fish,0.72,0.72,0.96,1.02,1.00,1.00,1.00,1.00,1.00,1.00,0.547657994,0.669354444,0.545556008,0.545556008
CDL6,Black Cardinal Fish,0.72,0.72,0.96,1.02,1.00,1.00,1.00,0.96,0.96,0.96,0.943543019,0.932909851,0.947699138,0.930515785
CDL7,Black Cardinal Fish,0.72,0.72,0.96,1.02,1.00,1.00,1.00,1.00,1.00,1.00,0.925543006,0.715315509,0.715315509,0.715315509
CDL8,Cardinalfish,,,,,1.00,1.00,1.00,1.00,1.00,1.00,1,1,1,1
CDL9,Black Cardinal Fish,0.72,0.72,0.96,1.02,1.00,1.00,1.00,1.00,1.00,1.00,1,1,1.040235397,0.917570015
CHC1,Red crab,3.00,3.00,3.62,3.63,3.60,3.60,0.20,0.20,0.20,0.20,0.2,0.2,0.2,0.2
CHC10,Red crab,3.00,3.00,3.62,3.63,3.60,3.60,0.20,0.20,0.20,0.20,0.2,0.2,0.2,0.2
CHC2,Red crab,3.00,3.00,3.62,3.63,3.60,3.60,0.20,0.20,0.20,0.20,0.2,0.2,0.2,0.2
CHC3,Red crab,3.00,3.00,3.62,3.63,3.60,3.60,0.20,0.20,0.20,0.20,0.2,0.2,0.2,0.2
CHC4,Red crab,3.00,3.00,3.62,3.63,3.60,3.60,0.20,0.20,0.20,0.20,0.2,0.2,0.2,0.2
CHC5,Red crab,3.00,3.00,3.62,3.63,3.60,3.60,0.20,0.20,0.20,0.20,0.2,0.2,0.2,0.2
CHC6,Red crab,3.00,3.00,3.62,3.63,3.60,3.60,0.20,0.20,0.20,0.20,0.2,0.2,0.2,0.2
CHC7,Red crab,3.00,3.00,3.62,3.63,3.60,3.60,0.20,0.20,0.20,0.20,0.2,0.2,0.2,0.2
CHC8,Red crab,3.00,3.00,3.62,3.63,3.60,3.60,0.20,0.20,0.20,0.20,0.2,0.2,0.2,0.2
CHC9,Red crab,3.00,3.00,3.62,3.63,3.60,3.60,0.20,0.20,0.20,0.20,0.2,0.2,0.2,0.2
COC1A,Cockles,1.90,1.90,0.98,0.98,0.97,0.97,0.97,0.97,0.97,0.97,0.97,0.97,0.97,0.97
COC1B,Cockles,1.90,1.90,1.37,0.98,0.97,0.97,0.97,0.97,0.97,0.97,0.97,0.97,0.97,0.97
COC1C,Cockles,1.90,1.90,1.37,0.98,0.97,0.97,0.97,0.97,0.97,0.97,0.97,0.97,0.97,0.97
COC2,Cockles,1.90,1.90,1.37,0.98,0.97,0.97,0.97,0.97,0.97,0.97,0.97,0.97,0.97,0.97
COC3,Cockles,1.90,1.90,1.37,0.98,0.97,0.97,0.97,0.97,0.97,0.97,0.97,0.97,0.97,0.85
COC3B,Cockles,1.90,1.90,1.37,0.98,0.97,0.97,0.97,0.97,0.97,0.97,0.97,0.97,0.97,0.97
COC4,Cockles,1.90,1.90,1.37,0.98,0.97,0.97,0.97,0.97,0.97,0.97,0.97,0.97,0.97,0.97
COC5,Cockles,1.90,1.90,1.37,0.98,0.97,0.97,0.97,0.97,0.97,0.97,0.97,0.97,0.97,0.97
COC7A,Cockles,1.90,1.90,1.37,0.98,0.97,0.97,0.97,0.97,0.97,0.97,0.97,0.97,0.97,0.1
COC7B,Cockles,1.90,1.90,1.37,0.98,0.97,0.97,0.97,0.97,0.97,0.97,0.97,0.97,0.97,0.97
COC7C,Cockles,1.90,1.90,1.37,0.98,0.97,0.97,0.97,0.97,0.97,0.97,0.97,0.97,0.97,0.97
COC8,Cockles,1.90,1.90,1.37,0.98,0.97,0.97,0.97,0.97,0.97,0.97,0.97,0.97,0.97,0.97
COC9,Cockles,1.90,1.90,1.37,0.98,0.97,0.97,0.97,0.97,0.97,0.97,0.97,0.97,0.97,0.97
CRA1,Crayfish,38.53,38.53,56.61,63.00,68.30,68.30,72.00,72.00,74.60,86.65,79.58,85.83898125,79.92681623,68.23442216
CRA10,Crayfish,38.53,38.53,56.61,63.00,68.30,68.30,72.00,72.00,74.60,74.60,79.58,85.83898125,79.92681623,68.23442216
CRA2,Crayfish,38.53,38.53,56.61,63.00,68.30,70.01,72.00,72.00,74.60,83.83,79.58,85.83898125,79.92681623,68.23442216
CRA3,Crayfish,38.53,38.53,56.61,63.00,68.30,63.56,72.00,72.00,74.60,90.79,79.58,85.83898125,79.92681623,68.23442216
CRA4,Crayfish,38.53,38.53,56.61,63.00,68.30,68.30,72.00,72.00,74.60,85.74,79.58,85.83898125,79.92681623,68.23442216
CRA5,Crayfish,38.53,38.53,56.61,63.00,68.30,68.30,72.00,72.00,74.60,83.94,79.58,85.83898125,79.92681623,68.23442216
CRA6,Crayfish,38.53,38.53,56.61,63.00,68.30,68.30,64.00,72.00,74.60,74.60,79.58,85.83898125,79.92681623,68.23442216
CRA7,Crayfish,38.53,38.53,56.61,63.00,50.00,50.00,45.00,72.00,74.60,70.90,79.58,85.83898125,79.92681623,68.23442216
CRA8,Crayfish,38.53,38.53,56.61,63.00,68.30,69.73,72.00,72.00,74.60,84.21,79.58,85.83898125,79.92681623,68.23442216
CRA9,Crayfish,38.53,38.53,56.61,63.00,68.30,68.30,68.00,72.00,74.60,80.91,79.58,85.83898125,79.92681623,68.23442216
DAN1,Surf Clam   ringed dosinia,2.60,2.60,3.14,3.15,3.13,3.13,3.13,3.13,3.13,3.13,3.13,3.13,3.13,3.13
DAN2,Surf Clam   ringed dosinia,2.60,2.60,3.14,3.15,3.13,3.13,3.13,3.13,3.13,3.13,3.13,3.13,3.13,3.13
DAN3,Surf Clam   ringed dosinia,2.60,2.60,3.14,3.15,3.13,3.13,3.13,3.13,3.13,3.13,3.13,3.13,3.13,3.13
DAN4,Surf Clam   ringed dosinia,2.60,2.60,3.14,3.15,3.13,3.13,3.13,3.13,3.13,3.13,3.13,3.13,3.13,3.13
DAN5,Surf Clam   ringed dosinia,2.60,2.60,3.14,3.15,3.13,3.13,3.13,3.13,3.13,3.13,3.13,3.13,3.13,3.13
DAN7,Surf Clam   ringed dosinia,2.60,2.60,3.14,3.15,3.13,3.13,3.13,3.13,3.13,3.13,3.13,3.13,3.13,1.5
DAN8,Surf Clam   ringed dosinia,2.60,2.60,3.14,3.15,3.13,3.13,3.13,3.13,3.13,3.13,3.13,3.13,3.13,3.13
DAN9,Surf Clam   ringed dosinia,2.60,2.60,3.14,3.15,3.13,3.13,3.13,3.13,3.13,3.13,3.13,3.13,3.13,3.13
DSU1,Surf Clam   silky dosinia,2.40,2.40,2.90,2.91,2.89,2.89,2.89,2.89,2.89,2.89,2.89,2.89,2.89,2.89
DSU2,Surf Clam   silky dosinia,2.40,2.40,2.90,2.91,2.89,2.89,2.89,2.89,2.89,2.89,2.89,2.89,2.89,2.89
DSU3,Surf Clam   silky dosinia,2.40,2.40,2.90,2.91,2.89,2.89,2.89,2.89,2.89,2.89,2.89,2.89,2.89,2.89
DSU4,Surf Clam   silky dosinia,2.40,2.40,2.90,2.91,2.89,2.89,2.89,2.89,2.89,2.89,2.89,2.89,2.89,2.89
DSU5,Surf Clam   silky dosinia,2.40,2.40,2.90,2.91,2.89,2.89,2.89,2.89,2.89,2.89,2.89,2.89,2.89,2.89
DSU7,Surf Clam   silky dosinia,2.40,2.40,2.90,2.91,2.89,2.89,2.89,2.89,2.89,2.89,2.89,2.89,2.89,2.89
DSU8,Surf Clam   silky dosinia,2.40,2.40,2.90,2.91,2.89,2.89,2.89,2.89,2.89,2.89,2.89,2.89,2.89,2.89
DSU9,Surf Clam   silky dosinia,2.40,2.40,2.90,2.91,2.89,2.89,2.89,2.89,2.89,2.89,2.89,2.89,2.89,2.89
ELE1,Elephant Fish,2.37,2.37,2.10,2.42,2.40,2.40,2.40,2.40,2.36,2.59,2.585810057,2.502639803,1.596312465,1.596312465
ELE10,Elephant Fish,2.37,2.37,2.10,2.42,2.40,2.40,2.40,2.40,2.40,2.40,2.4,2.4,2.4,2.4
ELE2,Elephant Fish,2.37,2.37,1.41,1.79,1.78,1.54,1.81,1.62,1.45,1.93,1.545013463,2.502639803,1.045717249,1.327782415
ELE3,Elephant Fish,2.43,2.43,2.19,2.54,2.52,2.26,2.48,2.45,2.38,2.63,2.604484908,2.58639468,2.564419957,2.656071453
ELE5,Elephant Fish,2.04,2.04,2.13,2.31,2.29,2.00,2.14,2.50,2.41,2.38,2.464083707,2.23144073,2.350594806,2.57689094
ELE7,Elephant Fish,2.37,2.37,1.23,1.63,1.62,2.08,2.20,2.28,2.28,2.36,1.98,1.93,1.96,1.953922537
EMA1,Blue Mackerel,0.36,0.36,0.42,0.42,0.42,0.46,0.46,0.40,0.40,0.41,0.403488634,0.402456712,0.452653468,0.452653468
EMA10,Blue Mackerel,0.36,0.36,0.51,0.51,0.42,0.42,0.42,0.42,0.42,0.42,0.42,0.42,0.42,0.42
EMA2,Blue Mackerel,0.36,0.36,0.66,0.50,0.42,0.45,0.45,0.37,0.43,0.41,0.400336421,0.34574378,0.419058372,0.419058372
EMA3,Blue Mackerel,0.36,0.36,0.51,0.51,0.42,0.42,0.42,0.42,0.42,0.41,0.408292584,0.34574378,0.419058372,0.419058372
EMA7,Blue Mackerel,0.36,0.36,0.88,0.51,0.42,1.11,1.11,0.23,0.40,0.41,0.408292584,0.183054412,0.31336841,0.31336841
FLA1,Flatfish,3.32,3.32,3.15,2.97,2.95,4.50,4.50,8.26,6.03,6.23,7.443973784,7.443973784,9.835377876,9.835377876
FLA10,Flatfish,3.32,3.32,3.15,2.97,2.95,4.50,4.50,5.18,5.18,5.18,5.179816621,5.179816621,5.179816621,5.179816621
FLA2,Flatfish,3.32,3.32,3.00,2.97,2.95,4.29,4.29,5.18,3.87,2.32,4.083935944,4.083935944,4.141142496,4.141142496
FLA3,Flatfish,3.31,3.31,3.08,2.88,2.86,3.82,3.98,4.07,3.32,3.99,3.744529898,3.104563985,3.293540864,3.312834608
FLA7,Flatfish,3.32,3.32,3.15,2.97,2.95,4.55,4.55,5.18,3.32,3.99,3.770069067,3.138893484,3.311830897,3.311830897
FRO1,Frostfish,0.32,0.32,0.38,0.84,0.83,0.83,0.83,0.83,0.48,0.53,0.452237014,0.667187104,0.499551846,0.432307149
FRO10,Frostfish,0.32,0.32,0.59,1.06,1.05,1.05,1.05,1.05,1.05,1.05,1.05,1.05,1.05,1.05
FRO2,Frostfish,0.34,0.34,0.26,0.37,0.37,0.39,0.39,0.39,0.34,0.28,0.261885987,0.2748411,0.2748411,0.2748411
FRO3,Frostfish,0.45,0.45,0.59,1.06,1.05,1.64,1.64,1.64,1.64,1.64,1.64,1.64,1.64,1.64
FRO4,Frostfish,0.32,0.32,0.59,0.39,0.39,2.27,2.27,0.30,0.30,0.30,0.302087444,0.302087444,0.319986515,0.319986515
FRO5,Frostfish,0.29,0.29,0.59,1.06,1.05,1.32,1.32,1.32,1.32,1.32,1.32,0.270771244,0.270771244,0.270771244
FRO6,Frostfish,0.32,0.32,0.59,1.06,1.05,0.49,0.49,0.49,0.49,0.49,0.49,0.49,0.49,0.49
FRO7,Frostfish,0.32,0.32,0.59,0.91,0.90,0.90,0.90,0.90,0.90,0.90,0.9,0.9,0.9,0.9
FRO8,Frostfish,0.32,0.32,0.59,1.06,1.05,1.05,1.05,0.17,0.17,0.17,0.165295613,0.165295613,0.354663057,0.354663057
FRO9,Frostfish,0.32,0.32,0.46,1.06,1.05,1.05,1.05,0.21,0.21,0.21,0.205429838,0.313634932,0.33692189,0.315675689
GAR1,Garfish,6.17,6.17,8.26,7.75,7.69,7.69,7.69,7.69,7.69,7.69,7.69,9.301264977,10.64454444,10.64454444
GAR10,Garfish,6.17,6.17,8.26,7.75,7.69,7.69,7.69,7.69,7.69,7.69,7.69,7.69,7.69,7.69
GAR2,Garfish,6.17,6.17,8.26,7.75,7.69,7.69,7.69,7.69,7.69,7.69,7.69,7.69,7.69,7.69
GAR3,Garfish,6.17,6.17,8.26,7.75,7.69,7.69,7.69,7.69,7.69,7.69,7.69,7.69,7.69,7.69
GAR4,Garfish,6.17,6.17,8.26,7.75,7.69,7.69,7.69,7.69,7.69,7.69,7.69,7.69,7.69,7.69
GAR7,Garfish,6.17,6.17,8.26,7.75,7.69,7.69,7.69,7.69,7.69,7.69,7.69,7.69,7.69,7.69
GAR8,Garfish,6.17,6.17,8.26,7.75,7.69,7.69,7.69,7.69,7.69,7.69,7.69,7.69,7.69,7.69
GLM1,Green Lipped Mussell,0.20,0.20,0.24,0.24,0.24,0.24,0.24,0.24,0.24,0.24,0.24,0.24,0.24,0.24
GLM10,Green Lipped Mussell,0.20,0.20,0.24,0.24,0.24,0.24,0.24,0.24,0.24,0.24,0.24,0.24,0.24,0.24
GLM2,Green Lipped Mussell,0.20,0.20,0.24,0.24,0.24,0.24,0.24,0.24,0.24,0.24,0.24,0.24,0.24,0.24
GLM3,Green Lipped Mussell,0.20,0.20,0.24,0.24,0.24,0.24,0.24,0.24,0.24,0.24,0.24,0.24,0.24,0.24
GLM7A,Green Lipped Mussell,0.20,0.20,0.24,0.24,0.24,0.24,0.24,0.24,0.24,0.24,0.24,0.24,0.24,0.24
GLM7B,Green Lipped Mussell,0.20,0.20,0.24,0.24,0.24,0.24,0.24,0.24,0.24,0.24,0.24,0.24,0.24,0.24
GLM8,Green Lipped Mussell,0.20,0.20,0.24,0.24,0.24,0.24,0.24,0.24,0.24,0.24,0.24,0.24,0.24,0.24
GLM9,Green Lipped Mussell,4.35,4.35,5.25,5.27,5.23,5.23,5.23,5.23,5.23,5.23,5.23,5.23,5.23,5.23
GMU1,Grey Mullet,3.09,3.09,3.42,3.63,3.60,3.60,3.60,3.80,3.84,3.84,3.839983002,4.762306675,4.769091283,4.756728944
GMU10,Grey Mullet,3.09,3.09,3.42,3.63,3.60,3.60,3.60,3.60,3.60,3.60,3.6,3.6,3.6,3.6
GMU2,Grey Mullet,3.09,3.09,3.42,3.63,3.60,3.60,3.60,3.60,3.60,3.60,3.6,3.6,3.6,3.6
GMU3,Grey Mullet,3.09,3.09,3.42,3.63,3.60,3.60,3.60,3.60,3.60,3.60,3.6,3.6,3.6,3.6
GMU7,Grey Mullet,3.09,3.09,3.42,3.63,3.60,3.60,3.60,3.60,3.60,3.60,3.6,3.6,3.6,3.6
GSC1,Giant spider crab,3.00,3.00,3.62,3.63,3.60,3.60,0.20,0.20,0.20,0.20,0.2,0.2,0.2,0.2
GSC10,Giant spider crab,3.00,3.00,3.62,3.63,3.60,3.60,0.20,0.20,0.20,0.20,0.2,0.2,0.2,0.2
GSC3,Giant spider crab,3.00,3.00,3.62,3.63,3.60,3.60,0.20,0.20,0.20,0.20,0.2,0.2,0.2,0.2
GSC5,Giant spider crab,3.00,3.00,3.62,3.63,3.60,3.60,0.20,0.20,0.20,0.20,0.2,0.2,0.2,0.2
GSC6A,Giant spider crab,3.00,3.00,3.62,3.63,3.60,3.60,0.20,0.20,0.20,0.03,0.029793929,0.029793929,0.029793929,0.029793929
GSC6B,Giant spider crab,3.00,3.00,3.62,3.63,3.60,3.60,0.20,0.20,0.20,0.20,0.2,0.2,0.2,0.2
GSH1,Ghost Shark dark,0.36,0.36,0.22,0.38,0.38,0.58,0.58,0.34,0.43,0.27,0.268314595,0.255959681,0.531948514,0.351595637
GSH10,Ghost Shark dark,0.36,0.36,0.49,0.47,0.47,0.47,0.47,0.47,0.47,0.47,0.47,0.47,0.47,0.47
GSH2,Ghost Shark dark,0.36,0.36,0.65,0.47,0.47,0.48,0.48,0.40,0.38,0.45,0.399913557,0.267277209,0.447618702,0.571458175
GSH3,Ghost Shark dark,0.36,0.36,0.46,0.48,0.48,0.44,0.44,0.40,0.42,0.39,0.331674749,0.367526139,0.460480379,0.474914692
GSH4,Ghost Shark dark,0.36,0.36,0.46,0.25,0.25,0.25,0.25,0.29,0.29,0.29,0.326604557,0.324226541,0.516112947,0.458423834
GSH5,Ghost Shark dark,0.36,0.36,0.65,0.44,0.44,0.46,0.47,0.40,0.40,0.40,0.294552339,0.317211402,0.258059885,0.376573199
GSH6,Ghost Shark dark,0.36,0.36,0.38,0.47,0.47,0.47,0.47,0.28,0.28,0.36,0.324617502,0.391024003,0.274785252,0.433215656
GSH7,Ghost Shark dark,0.36,0.36,0.50,0.47,0.47,0.47,0.47,0.45,0.44,0.44,0.427786137,0.432365922,0.449371988,0.454439022
GSH8,Ghost Shark dark,0.36,0.36,0.49,0.50,0.50,0.48,0.47,0.42,0.48,0.46,0.439803035,0.382325028,0.432816011,0.377765468
GSH9,Ghost Shark dark,0.36,0.36,0.49,0.47,0.47,0.47,0.47,0.25,0.25,0.40,0.25082744,0.176297512,0.270115064,0.295344248
GSP1,Ghost Shark pale,0.40,0.40,0.61,0.50,0.50,0.47,0.47,0.38,0.39,0.42,0.410618912,0.379730508,0.442359182,0.360161235
GSP5,Ghost Shark pale,0.40,0.40,0.50,0.50,0.50,0.47,0.47,0.47,0.47,0.42,0.391044411,0.352897833,0.435633674,0.33264914
GSP7,Ghost Shark pale,0.40,0.40,0.56,0.50,0.50,0.40,0.40,0.40,0.29,0.42,0.404288125,0.36665964,0.36665964,0.352152301
GUR1,Gurnard,1.86,1.86,2.48,2.74,2.72,2.61,2.61,1.42,2.32,2.37,2.352334674,2.535563029,2.929703421,2.919421179
GUR10,Gurnard,1.86,1.86,1.97,2.29,2.27,2.27,2.27,2.27,2.27,2.27,2.27,2.27,2.27,2.27
GUR2,Gurnard,1.86,1.86,2.60,2.29,2.27,2.96,2.79,1.89,2.69,2.84,3.420240584,3.072233424,3.372322197,3.467257166
GUR3,Gurnard,1.71,1.71,1.65,1.96,1.94,1.94,1.92,1.98,1.81,2.41,2.400140606,2.466904801,2.41550459,2.707508762
GUR7,Gurnard,1.86,1.86,1.64,2.29,2.27,1.98,2.07,1.82,1.73,1.93,2.065308735,2.181186147,2.215587602,2.337313826
GUR8,Gurnard,1.90,1.90,2.03,2.51,2.49,2.65,2.65,2.59,2.59,2.37,2.352334674,2.707343297,2.584157998,2.96884947
HAK1,Hake,1.00,1.00,1.26,1.42,1.41,1.24,1.24,1.24,1.41,1.36,1.813557356,1.798059319,1.473702549,1.537422729
HAK10,Hake,1.00,1.00,1.40,1.19,1.18,1.18,1.18,1.18,1.18,1.18,1.18,1.18,1.18,1.18
HAK4,Hake,1.00,1.00,2.15,1.23,1.22,1.36,1.36,1.36,1.38,1.23,1.324326983,1.464078498,1.464078498,1.268813814
HAK7,Hake,1.00,1.00,1.23,1.19,1.18,1.12,1.12,1.08,1.14,1.12,1.112065909,1.302297175,1.366919428,1.096184881
HOK1,Hoki,0.60,0.60,0.82,0.81,0.80,0.80,0.80,0.66,0.64,0.67,0.66640386,0.634266292,0.644846435,0.661655834
HOK10,Hoki,0.60,0.60,0.82,0.81,0.80,0.80,0.80,0.80,0.80,0.80,0.8,0.8,0.8,0.8
HOR1,Horse mussel,0.10,0.10,0.12,0.12,0.12,0.12,0.12,0.12,0.12,0.12,0.12,0.12,0.12,0.12
HOR10,Horse mussel,0.10,0.10,0.12,0.12,0.12,0.12,0.12,0.12,0.12,0.12,0.12,0.12,0.12,0.12
HOR2,Horse mussel,0.10,0.10,0.12,0.12,0.12,0.12,0.12,0.12,0.12,0.12,0.12,0.12,0.12,0.12
HOR3,Horse mussel,0.10,0.10,0.12,0.12,0.12,0.12,0.12,0.12,0.12,0.12,0.12,0.12,0.12,0.12
HOR4,Horse mussel,0.10,0.10,0.12,0.12,0.12,0.12,0.12,0.12,0.12,0.12,0.12,0.12,0.12,0.12
HOR5,Horse mussel,0.10,0.10,0.12,0.12,0.12,0.12,0.12,0.12,0.12,0.12,0.12,0.12,0.12,0.12
HOR6,Horse mussel,0.10,0.10,0.12,0.12,0.12,0.12,0.12,0.12,0.12,0.12,0.12,0.12,0.12,0.12
HOR7,Horse mussel,0.10,0.10,0.12,0.12,0.12,0.12,0.12,0.12,0.12,0.12,0.12,0.12,0.12,0.12
HOR8,Horse mussel,0.10,0.10,0.12,0.12,0.12,0.12,0.12,0.12,0.12,0.12,0.12,0.12,0.12,0.12
HOR9,Horse mussel,0.10,0.10,0.12,0.12,0.12,0.12,0.12,0.12,0.12,0.12,0.12,0.12,0.12,0.12
HPB1,Hapuku and Bass,5.41,5.41,5.85,4.53,4.49,6.43,6.43,6.18,6.74,6.66,6.664570967,6.664570967,8.144952512,8.280231614
HPB10,Hapuku and Bass,4.61,4.61,4.39,4.48,4.44,4.44,4.44,4.44,4.44,4.44,4.44,4.44,4.44,4.44
HPB2,Hapuku and Bass,4.98,4.98,4.39,4.48,4.44,4.44,4.44,5.57,6.50,4.14,4.139295279,4.139295279,6.82098943,6.743138355
HPB3,Hapuku and Bass,3.07,3.07,3.47,4.75,4.71,3.49,3.58,4.54,4.09,4.93,4.915879953,5.586483454,5.363995096,5.689315617
HPB4,Hapuku and Bass,4.61,4.61,4.39,4.48,4.44,4.44,4.44,4.94,4.94,4.07,4.067003439,4.067003439,6.020512883,4.485791867
HPB5,Hapuku and Bass,4.61,4.61,3.38,3.83,3.80,2.64,2.64,4.94,3.06,3.95,3.952389106,3.824284341,4.205974806,4.819036818
HPB7,Hapuku and Bass,4.61,4.61,3.77,4.25,4.22,3.33,3.33,3.77,4.34,4.36,4.25889531,4.699370868,4.307444241,4.358544865
HPB8,Hapuku and Bass,4.61,4.61,4.69,5.26,5.22,4.48,4.48,4.50,5.20,5.12,4.908841813,5.424611126,6.321020513,5.841753626
JDO1,John Dory,6.43,6.43,6.93,7.05,6.99,7.03,7.03,5.94,5.74,5.64,5.636508411,6.33637903,5.807269163,6.264247044
JDO10,John Dory,6.07,6.07,6.37,6.51,6.46,6.46,6.46,6.46,6.46,6.46,6.46,6.46,6.46,6.46
JDO2,John Dory,6.07,6.07,5.72,6.28,6.23,6.68,6.68,6.12,6.42,5.74,5.737257745,6.432431905,6.310776876,6.730483351
JDO3,John Dory,4.81,4.81,6.37,3.87,3.84,3.84,3.84,6.02,6.02,5.94,5.936582558,6.33007513,5.992524355,6.432874815
JDO7,John Dory,6.07,6.07,5.59,5.67,5.63,6.84,6.50,6.22,6.49,6.50,6.50160816,6.275123552,6.114286726,6.515656502
JMA1,Jack Mackerel,0.16,0.16,0.24,0.28,0.28,0.31,0.31,0.30,0.29,0.30,0.309852712,0.31443716,0.223341918,0.193586591
JMA10,Jack Mackerel,0.25,0.25,0.46,0.44,0.44,0.44,0.44,0.44,0.44,0.44,0.44,0.44,0.44,0.44
JMA3,Jack Mackerel,0.17,0.17,0.47,0.44,0.44,0.44,0.44,0.23,0.23,0.23,0.227016018,0.209720518,0.223341918,0.193586591
JMA7,Jack Mackerel,0.16,0.16,0.46,0.44,0.44,0.44,0.44,0.20,0.20,0.20,0.201369016,0.180800592,0.207801511,0.190616376
KAH1,Kahawai,0.23,0.23,0.76,0.78,0.81,0.91,0.91,0.85,0.43,0.33,0.353152598,0.722595931,1.484752214,1.484752214
KAH10,Kahawai,0.30,0.30,0.61,0.71,0.71,0.71,0.71,0.71,0.71,0.71,0.71,0.71,0.71,0.71
KAH2,Kahawai,0.23,0.23,0.49,0.71,0.71,0.72,0.72,0.29,0.35,0.28,0.339248511,0.27663587,1.21281302,1.21281302
KAH3,Kahawai,0.20,0.20,0.30,0.27,0.27,0.38,0.38,0.26,0.36,0.32,0.36450344,0.554510172,1.21281302,1.21281302
KAH4,Kahawai,0.43,0.43,0.61,0.71,0.71,0.71,0.71,0.71,0.71,0.71,0.71,0.71,0.71,0.71
KAH8,Kahawai,0.43,0.43,0.73,0.79,0.71,0.62,0.62,0.49,0.51,0.36,0.335601503,0.639051322,0.855701657,0.530031763
KBB3G,Bladder Kelp, , , ,0.15,0.15,0.15,0.15,0.15,0.15,0.15,0.15,0.15,0.15,0.15
KBB4G,Bladder Kelp, , , ,0.15,0.15,0.15,0.15,0.15,0.15,0.15,0.15,0.15,0.15,0.15
KIC1,King crab,3.00,3.00,3.62,3.63,3.60,3.60,0.20,0.20,0.20,0.20,0.2,0.2,0.2,0.2
KIC10,King crab,3.00,3.00,3.62,3.63,3.60,3.60,0.20,0.20,0.20,0.20,0.2,0.2,0.2,0.2
KIC2,King crab,3.00,3.00,3.62,3.63,3.60,3.60,0.20,0.20,0.20,0.20,0.2,0.2,0.2,0.2
KIC3,King crab,3.00,3.00,3.62,3.63,3.60,3.60,0.20,0.20,0.20,0.20,0.2,0.2,0.2,0.2
KIC4,King crab,3.00,3.00,3.62,3.63,3.60,3.60,0.20,0.20,0.20,0.20,0.2,0.2,0.2,0.06
KIC5,King crab,3.00,3.00,3.62,3.63,3.60,3.60,0.20,0.20,0.20,0.20,0.2,0.2,0.2,0.2
KIC6,King crab,3.00,3.00,3.62,3.63,3.60,3.60,0.20,0.20,0.20,0.20,0.2,0.2,0.2,0.2
KIC7,King crab,3.00,3.00,3.62,3.63,3.60,3.60,0.20,0.20,0.20,0.20,0.2,0.2,0.2,0.2
KIC8,King crab,3.00,3.00,3.62,3.63,3.60,3.60,0.20,0.20,0.20,0.20,0.2,0.2,0.2,0.2
KIC9,King crab,3.00,3.00,3.62,3.63,3.60,3.60,0.20,0.20,0.20,0.20,0.2,0.2,0.2,0.2
KIN1,Kingfish,5.54,5.54,5.53,5.76,5.71,5.82,6.50,6.35,6.49,3.92,2.351292952,5.194169615,6.128016426,4.345816585
KIN10,Kingfish,5.15,5.15,5.18,5.14,5.10,5.10,5.10,5.10,5.10,5.10,5.1,5.1,5.1,5.1
KIN2,Kingfish,4.79,4.79,4.20,3.84,3.81,3.74,4.29,4.20,4.57,3.82,5.021918077,4.817181664,4.869163284,5.308037573
KIN3,Kingfish,5.15,5.15,5.18,5.14,5.10,2.26,2.27,5.06,3.82,3.62,3.11602683,4.129523899,3.38808265,4.771725623
KIN4,Kingfish,5.15,5.15,5.18,5.14,5.10,5.10,5.10,5.10,5.10,3.01,3.009336443,3.009336443,3.009336443,7
KIN7,Kingfish,5.15,5.15,5.18,2.15,2.13,2.11,2.11,2.78,2.54,1.47,1.481444782,1.815914993,1.964488509,1.990883016
KIN8,Kingfish,5.15,5.15,5.18,5.14,5.10,5.32,5.32,4.15,4.37,1.80,1.587738479,2.930291854,4.295004135,2.248777581
KWH1,Knobbed Whelk,0.60,0.60,0.72,0.72,0.71,0.71,0.71,0.71,0.71,0.71,0.71,0.71,0.71,0.71
KWH2,Knobbed Whelk,0.60,0.60,0.72,0.72,0.71,0.71,0.71,0.71,0.71,0.71,0.71,0.71,0.71,0.71
KWH3,Knobbed Whelk,0.60,0.60,0.72,0.72,0.71,0.71,0.71,0.71,0.71,0.71,0.71,0.71,0.71,0.71
KWH4,Knobbed Whelk,0.60,0.60,0.72,0.72,0.71,0.71,0.71,0.71,0.71,0.71,0.71,0.71,0.71,0.71
KWH5,Knobbed Whelk,0.60,0.60,0.72,0.72,0.71,0.71,0.71,0.71,0.71,0.71,0.71,0.71,0.71,0.71
KWH6,Knobbed Whelk,0.60,0.60,0.72,0.72,0.71,0.71,0.71,0.71,0.71,0.71,0.71,0.71,0.71,0.71
KWH7A,Knobbed Whelk,0.60,0.60,0.72,0.72,0.71,0.71,0.71,0.71,0.71,0.71,0.71,0.71,0.71,0.71
KWH7B,Knobbed Whelk,0.60,0.60,0.72,0.72,0.71,0.71,0.71,0.71,0.71,0.71,0.71,0.71,0.71,0.71
KWH8,Knobbed Whelk,0.60,0.60,0.72,0.72,0.71,0.71,0.71,0.71,0.71,0.71,0.71,0.71,0.71,0.71
KWH9,Knobbed Whelk,0.60,0.60,0.72,0.72,0.71,0.71,0.71,0.71,0.71,0.71,0.71,0.71,0.71,0.71
LDO1,Look Down Dory,0.72,0.72,1.39,1.60,1.59,2.05,1.75,2.02,2.02,1.52,1.485777847,1.460422586,1.640907654,1.44985192
LDO10,Look Down Dory,0.70,0.70,1.46,1.51,1.50,1.50,1.50,1.50,1.50,1.50,1.5,1.5,1.5,1.5
LDO3,Look Down Dory,0.70,0.70,1.48,1.48,1.47,1.52,1.52,1.44,1.39,1.58,1.510313731,1.282217085,1.488913525,1.357203313
LEA1,Leather Jacket,0.53,0.53,0.55,0.63,0.63,0.57,0.57,0.86,0.73,0.79,0.790452982,0.841252836,0.761159284,0.803191449
LEA10,Leather Jacket,0.53,0.53,0.74,0.75,0.74,0.74,0.74,0.74,0.74,0.74,0.74,0.74,0.74,0.74
LEA2,Leather Jacket,0.54,0.54,0.82,0.75,0.74,0.74,0.74,0.74,0.67,0.74,0.737372244,0.737372244,0.737372244,0.737372244
LEA3,Leather Jacket,0.49,0.49,0.77,0.67,0.66,0.72,0.76,0.69,0.69,0.60,0.651948362,0.647839258,0.655680207,0.766094909
LEA4,Leather Jacket,0.51,0.51,0.74,0.75,0.74,0.74,0.74,0.74,0.74,0.74,0.74,0.74,0.74,0.69
LFE11,Long finned eel,3.50,3.50,4.00,4.34,4.31,4.31,4.31,4.31,4.31,2.45,2.44744898,2.44744898,2.44744898,2.44744898
LFE12,Long finned eel,3.50,3.50,4.00,4.34,4.31,4.31,4.31,4.31,4.31,4.96,4.96,4.96,4.96,4.96
LFE13,Long finned eel,3.50,3.50,4.00,4.34,4.31,4.31,4.31,4.31,4.31,4.96,4.31,,,
LFE14,Long finned eel,3.50,3.50,4.00,4.34,4.31,4.31,4.31,4.31,4.31,4.96,4.96,4.96,4.96,4.96
LFE15,Long finned eel,3.50,3.50,4.00,4.34,4.31,4.31,4.31,4.31,4.31,4.96,4.96,4.96,4.96,4.96
LFE16,Long finned eel,3.50,3.50,4.00,4.34,4.31,4.31,4.31,4.31,4.31,4.50,4.5,4.5,4.5,4.5
LFE17,Longfinned eel,3.88,3.88,4.42,4.46,4.96,4.96,4.96,4.96,4.96,4.96,4.96,4.96,4.96,4.96
LFE20,Longfinned eel,3.88,3.88,4.91,4.92,4.96,4.96,4.96,3.95,3.95,2.69,2.69169608,3.72142567,3.72142567,3.72142567
LFE21,Longfinned eel,3.88,3.88,4.90,5.08,4.96,4.96,4.48,3.96,3.96,2.14,2.139466728,3.56407758,4.000625652,4.000625652
LFE22,Longfinned eel,3.88,3.88,4.97,5.21,4.96,4.96,4.96,4.71,4.71,0.61,0.612849688,4.806447305,4.806447305,4.806447305
LFE23,Longfinned eel,3.88,3.88,4.42,4.46,4.96,4.96,4.96,4.96,4.96,4.96,4.96,4.860501016,4.860501016,4.860501016
LIN1,Ling,2.24,2.24,2.70,3.08,3.06,3.09,3.09,3.26,3.29,2.65,2.774749607,3.039248026,3.143349184,3.522672155
LIN10,Ling,3.07,3.07,2.63,2.56,2.54,2.54,2.54,2.54,2.54,2.54,2.54,2.54,2.54,2.54
LIN2,Ling,3.07,3.07,2.77,2.56,2.54,3.10,3.43,2.53,3.58,2.84,3.668242866,2.989567035,3.144516769,3.49049749
LIN3,Ling,3.07,3.07,2.41,2.50,2.48,2.58,2.65,2.66,2.83,2.84,2.77326685,2.729568016,2.857402613,3.078661158
LIN4,Ling,3.07,3.07,2.51,2.56,2.54,2.59,2.59,2.53,2.71,2.67,2.789133953,2.480384223,2.722551765,2.838593578
LIN5,Ling,3.07,3.07,2.26,2.35,2.33,2.58,2.84,2.51,2.61,2.51,2.585810642,2.365490217,2.849936266,2.580162823
LIN6,Ling,3.07,3.07,3.33,2.81,2.79,2.72,2.89,2.42,2.42,2.69,2.615145638,2.481224899,2.663643492,2.612773877
LIN7,Ling,3.07,3.07,2.48,2.46,2.44,1.98,2.70,2.54,2.74,2.66,2.700721316,2.426854367,2.988173279,2.650565628
MAK1,Mako Shark,0.45,0.45,0.49,0.34,0.34,0.30,0.36,0.36,0.38,0.29,0.291998015,0.291998015,0.291998015,0.291998015
MDI1,Surf Clam   trough shell,1.70,1.70,2.05,2.06,2.04,2.04,2.04,2.04,2.04,2.04,2.04,2.04,2.04,2.04
MDI2,Surf Clam   trough shell,1.70,1.70,2.05,2.06,2.04,2.04,2.04,2.04,2.04,2.04,2.04,2.04,2.04,2.04
MDI3,Surf Clam   trough shell,1.70,1.70,2.05,2.06,2.04,2.04,2.04,2.04,2.04,2.04,2.04,2.04,2.04,2.04
MDI4,Surf Clam   trough shell,1.70,1.70,2.05,2.06,2.04,2.04,2.04,2.04,2.04,2.04,2.04,2.04,2.04,2.04
MDI5,Surf Clam   trough shell,1.70,1.70,2.05,2.06,2.04,2.04,2.04,2.04,2.04,2.04,2.04,2.04,2.04,2.04
MDI7,Surf Clam   trough shell,1.70,1.70,2.05,2.06,2.04,2.04,2.04,2.04,2.04,2.04,2.04,2.04,2.04,2.04
MDI8,Surf Clam   trough shell,1.70,1.70,2.05,2.06,2.04,2.04,2.04,2.04,2.04,2.04,2.04,2.04,2.04,2.04
MDI9,Surf Clam   trough shell,1.70,1.70,2.05,2.06,2.04,2.04,2.04,2.04,2.04,2.04,2.04,2.04,2.04,2.04
MMI1,Surf Clam   large trough shell,0.70,0.70,0.84,0.84,0.83,0.83,0.83,0.83,0.83,0.83,0.83,0.83,0.83,0.83
MMI2,Surf Clam   large trough shell,0.70,0.70,0.84,0.84,0.83,0.83,0.83,0.83,0.83,0.83,0.83,0.83,0.83,0.83
MMI3,Surf Clam   large trough shell,0.70,0.70,0.84,0.84,0.83,0.83,0.83,0.83,0.83,0.83,0.83,0.83,2.753796505,3
MMI4,Surf Clam   large trough shell,0.70,0.70,0.84,0.84,0.83,0.83,0.83,0.83,0.83,0.83,0.83,0.83,0.83,0.83
MMI5,Surf Clam   large trough shell,0.70,0.70,0.84,0.84,0.83,0.83,0.83,0.83,0.83,0.83,0.83,0.83,0.83,0.83
MMI7,Surf Clam   large trough shell,0.70,0.70,0.84,0.84,0.83,0.83,0.83,0.83,0.83,0.83,0.83,0.83,0.83,3
MMI8,Surf Clam   large trough shell,0.70,0.70,0.84,0.84,0.83,0.83,0.83,0.83,0.83,0.83,0.83,0.83,0.83,2.5
MMI9,Surf Clam   large trough shell,0.70,0.70,0.84,0.84,0.83,0.83,0.83,0.83,0.83,0.83,0.83,0.83,0.83,0.83
MOK1,Blue Moki,0.91,0.91,2.01,1.91,1.89,1.63,1.99,1.68,2.03,1.57,1.917826133,2.10501564,2.371291682,2.42324117
MOK10,Blue Moki,0.91,0.91,1.66,1.53,1.52,1.52,1.52,1.52,1.52,1.52,1.52,1.52,1.52,1.52
MOK3,Blue Moki,0.91,0.91,0.97,1.04,1.03,1.16,0.98,1.26,1.15,1.05,1.246102596,1.429380667,1.379873645,1.275827128
MOK4,Blue Moki,0.91,0.91,1.66,1.53,1.52,1.52,1.52,1.52,1.52,1.52,1.52,1.52,1.52,1.52
MOK5,Blue Moki,0.91,0.91,1.51,2.09,2.07,0.76,0.76,1.53,4.07,1.44,1.578023013,1.851446744,2.005994929,2.039341467
MOO1,Moonfish,1.83,1.83,3.26,1.91,1.89,1.89,1.89,1.89,1.86,2.03,2.034954803,2.034954803,2.034954803,2.034954803
OCT,Octopus,1.53,1.53,2.14,2.49,,,,,,,3.03,,,
OCT1,Octopus,,,,,2.48,2.48,2.48,2.48,3.03,2.48,3.03,3.03,3.03,4.867637128
OCT2,Octopus,,,,,2.48,2.48,2.48,2.48,3.03,2.48,3.03,3.03,3.03,4.867637128
OCT3,Octopus,,,,,2.48,2.48,2.48,2.48,3.03,2.48,3.03,3.03,3.03,4.867637128
OCT4,Octopus,,,,,2.48,2.48,2.50,2.50,3.03,2.48,3.03,3.03,3.03,4.867637128
OCT5,Octopus,,,,,2.48,2.48,2.57,2.57,3.03,2.48,3.03,3.03,3.03,4.867637128
OCT6,Octopus,,,,,2.48,2.48,2.48,2.48,3.03,2.48,3.03,3.03,3.03,4.867637128
OCT7,Octopus,,,,,2.48,2.48,1.87,1.87,3.03,2.48,3.03,3.03,3.03,4.867637128
OCT8,Octopus,,,,,2.48,2.48,2.48,2.48,3.03,2.48,3.03,3.03,3.03,4.867637128
OCT9,Octopus,,,,,2.48,2.48,2.48,2.48,3.03,2.48,3.03,3.03,3.03,4.867637128
OEO1,Oreo,0.80,0.80,0.82,0.90,0.89,0.89,0.89,0.87,0.68,0.68,0.589610296,0.713326462,0.713326462,2
OEO10,Oreo,0.80,0.80,0.82,0.90,0.89,0.89,0.89,0.87,0.68,0.68,0.589610296,0.713326462,0.713326462,0.713326462
OEO3A,Oreo,0.80,0.80,0.82,0.90,0.89,0.89,0.89,0.87,0.68,0.68,0.589610296,0.713326462,0.713326462,0.713326462
OEO4,Oreo,0.80,0.80,0.82,0.90,0.89,0.89,0.89,0.87,0.68,0.68,0.589610296,0.713326462,0.713326462,0.713326462
OEO6,Oreo,0.80,0.80,0.82,0.90,0.89,0.89,0.89,0.87,0.68,0.68,0.589610296,0.713326462,0.713326462,0.713326462
ORH1,Orange Roughy,2.99,2.99,2.88,3.23,2.48,2.48,2.48,2.76,2.76,1.91,2.688151229,1.76633934,2.502038758,2.549569719
ORH10,Orange Roughy,2.99,2.99,2.37,2.76,2.48,2.48,2.48,2.48,2.48,2.48,2.48,2.48,2.48,2.48
ORH2A,Orange Roughy,2.99,2.99,2.42,2.76,2.50,1.63,1.63,2.15,3.27,3.27,3.145496469,2.90616896,2.6317931,2.713562972
ORH2B,Orange Roughy,2.99,2.99,2.37,2.76,2.48,2.48,2.20,2.20,3.24,3.24,3.224175864,2.381461193,2.3134176,2.697125237
ORH3A,Orange Roughy,2.99,2.99,1.94,2.61,2.29,2.24,2.20,2.15,2.15,2.30,3.301405053,2.31964263,2.281508012,2.263678126
ORH3B,Orange Roughy,2.99,2.99,2.37,2.63,2.50,1.68,1.68,2.31,2.31,2.41,3.226210411,2.424569828,2.330831378,2.415809238
ORH7A,Orange Roughy,2.99,2.99,2.37,2.76,2.48,1.93,1.93,2.33,2.33,2.36,3.35076161,2.466043544,2.339191068,2.39611288
ORH7B,Orange Roughy,2.99,2.99,2.37,2.76,2.48,2.48,2.48,2.48,2.48,2.48,2.48,1.274568649,1.274568649,2.05
OYS1,Oyster   Other than Foveaux Strait,4.00,4.00,4.83,4.85,4.81,4.81,4.81,4.81,4.81,4.81,4.81,4.81,4.81,4.81
OYS2A,Oyster   Other than Foveaux Strait,4.00,4.00,4.83,4.85,4.81,4.81,4.81,4.81,4.81,4.81,4.81,4.81,4.81,4.81
OYS3,Oyster   Other than Foveaux Strait,4.00,4.00,4.83,4.85,4.81,4.81,4.81,4.81,4.81,4.81,4.81,4.81,4.81,4.81
OYS4,Oyster   Other than Foveaux Strait,4.00,4.00,4.83,4.85,4.81,4.81,4.81,4.81,4.81,4.81,4.81,4.81,4.81,4.81
OYS5A,Oyster   Other than Foveaux Strait,4.00,4.00,4.83,4.85,4.81,4.81,4.81,4.81,4.81,4.81,4.81,4.81,4.81,4.81
OYS7,Oyster   Other than Foveaux Strait,3.68,3.68,4.44,4.45,4.41,4.41,4.41,4.41,4.41,4.41,4.41,4.41,4.41,4.41
OYS7A,Oyster   Other than Foveaux Strait,4.00,4.00,4.83,4.85,4.81,4.81,4.81,4.81,4.81,4.81,4.81,4.81,4.81,4.81
OYS7B,Oyster   Other than Foveaux Strait,4.00,4.00,4.83,4.85,4.81,4.81,4.81,4.81,4.81,4.81,4.81,4.81,4.81,4.81
OYS7C,Oyster   Other than Foveaux Strait,4.00,4.00,4.83,4.85,4.81,4.81,4.81,4.81,4.81,4.81,4.81,4.81,4.81,4.81
OYS8A,Oyster   Other than Foveaux Strait,4.00,4.00,4.83,4.85,4.81,4.81,4.81,4.81,4.81,4.81,4.81,4.81,4.81,4.81
OYS9,Oyster   Other than Foveaux Strait,4.00,4.00,4.83,4.85,4.81,4.81,4.81,4.81,4.81,4.81,4.81,4.81,4.81,4.81
OYU5,Oyster   Foveuax Strait (note: price is $/kg greenweight),4.87,4.87,5.88,5.90,5.85,5.85,5.85,5.85,5.85,5.85,5.85,5.85,5.85,5.85
PAD1,Paddle Crab,4.37,4.37,6.44,5.00,4.96,4.96,4.96,4.96,4.96,4.96,4.96,4.96,4.96,4.96
PAD10,Paddle Crab,4.37,4.37,5.57,5.00,4.96,4.96,4.96,4.96,4.96,4.96,4.96,4.96,4.96,4.96
PAD2,Paddle Crab,4.37,4.37,5.57,5.00,4.96,5.65,5.65,5.65,5.65,5.65,5.65,5.65,5.65,9.9
PAD3,Paddle Crab,4.37,4.37,5.57,5.00,4.96,4.96,4.96,4.96,4.96,4.96,4.96,4.96,4.96,4.96
PAD4,Paddle Crab,4.37,4.37,5.57,5.00,4.96,4.96,4.96,4.96,4.96,4.96,4.96,4.96,4.96,4.96
PAD5,Paddle Crab,4.37,4.37,5.57,3.51,3.48,3.48,3.48,3.48,3.48,3.48,3.48,3.48,3.48,3.48
PAD6,Paddle Crab,4.37,4.37,5.57,5.00,4.96,4.96,4.96,4.96,4.96,4.96,4.96,4.96,4.96,4.96
PAD7,Paddle Crab,4.37,4.37,5.57,5.00,4.96,7.97,7.97,7.97,7.97,7.97,7.97,7.97,7.97,7.97
PAD8,Paddle Crab,4.37,4.37,5.57,5.00,4.96,4.96,4.96,4.96,4.96,4.96,4.96,4.96,4.96,4.96
PAD9,Paddle Crab,4.37,4.37,5.57,5.00,4.96,4.96,4.96,4.96,4.96,4.96,4.96,4.96,4.96,4.96
PAR1,Parore,1.78,1.78,2.17,1.95,1.93,1.93,1.93,2.47,2.47,2.47,2.468674953,2.05712617,2.432180064,2.432180064
PAR10,Parore,1.82,1.82,2.07,2.03,2.01,2.01,2.01,2.01,2.01,2.01,2.01,2.01,2.01,2.01
PAR2,Parore,1.82,1.82,2.07,2.03,2.01,2.01,2.01,2.01,2.01,2.01,2.01,2.137851111,2.49061726,2.49061726
PAR9,Parore,1.82,1.82,1.89,2.03,2.01,2.01,2.01,2.44,2.44,2.44,2.442808027,2.300676242,2.588777365,2.778186828
PAU1,Paua,33.15,33.15,22.73,26.80,26.59,41.27,41.27,16.50,23.98,23.58,23.57656448,39,39,39
PAU10,Paua,33.15,33.15,22.73,26.80,26.59,26.59,26.59,16.50,23.98,23.58,23.57656448,39,39,39
PAU2,Paua,33.15,33.15,22.73,26.80,26.59,26.59,26.59,16.50,23.98,23.58,23.57656448,39,39,37.57635048
PAU3,Paua,33.15,33.15,22.73,26.80,26.59,26.59,26.59,16.50,23.98,23.58,23.57656448,39,39,39
PAU4,Paua,33.15,33.15,22.73,26.80,26.59,26.59,26.59,16.50,23.98,23.58,23.57656448,39,39,34.11952724
PAU5A,Paua,33.15,33.15,22.73,26.80,26.59,26.59,26.59,16.50,23.98,23.58,23.57656448,39,39,38.74092687
PAU5B,Paua,33.15,33.15,22.73,26.80,26.59,26.59,30.55,16.50,23.98,23.58,37.79348001,39,39,39.66450917
PAU5D,Paua,33.15,33.15,22.73,26.80,26.59,26.59,26.59,16.50,23.98,23.58,23.57656448,39,39,39.4716786
PAU6,Paua,33.15,33.15,22.73,26.80,26.59,26.59,26.59,16.50,23.98,23.58,23.57656448,39,39,45
PAU6A,Paua,,,,,26.50,26.50,26.50,16.50,23.98,,23.57656448,39,39,
PAU7,Paua,33.15,33.15,22.73,26.80,26.59,26.59,26.59,16.50,23.98,23.58,23.57656448,39,39,37.57635048
PDO1,Surf Clam   Deepwater Tuatua,0.70,0.70,0.84,0.84,0.83,0.83,0.83,0.83,0.83,0.83,0.83,0.83,0.83,0.83
PDO2,Surf Clam   Deepwater Tuatua,0.70,0.70,0.84,0.84,0.83,0.83,0.83,0.83,0.83,0.83,0.83,0.83,0.83,0.83
PDO3,Surf Clam   Deepwater Tuatua,0.70,0.70,0.84,0.84,0.83,0.83,0.83,0.83,0.83,0.83,0.83,0.83,0.83,2.5
PDO4,Surf Clam   Deepwater Tuatua,0.70,0.70,0.84,0.84,0.83,0.83,0.83,0.83,0.83,0.83,0.83,0.83,0.83,0.83
PDO5,Surf Clam   Deepwater Tuatua,0.70,0.70,0.84,0.84,0.83,0.83,0.83,0.83,0.83,0.83,0.83,0.83,0.83,0.83
PDO7,Surf Clam   Deepwater Tuatua,0.70,0.70,0.84,0.84,0.83,0.83,0.83,0.83,0.83,0.83,0.83,0.83,0.83,2.5
PDO8,Surf Clam   Deepwater Tuatua,0.70,0.70,0.84,0.84,0.83,0.83,0.83,0.83,0.83,0.83,0.83,0.83,0.83,2.5
PDO9,Surf Clam   Deepwater Tuatua,0.70,0.70,0.84,0.84,0.83,0.83,0.83,0.83,0.83,0.83,0.83,0.83,0.83,0.83
PHC1,Packhorse Rock Lobster,27.12,27.12,48.00,53.42,58.00,58.00,48.00,48.00,48.00,48.00,39.41241443,53.94136207,52.99381871,47.5317458
PIL1,Pilchard,0.70,0.70,0.84,0.84,0.83,0.83,0.83,0.83,1.26,1.40,1.399938772,1.399938772,1.399938772,1.399938772
PIL10,Pilchard,0.70,0.70,0.84,0.84,0.83,0.83,0.83,0.83,0.83,0.83,0.83,0.83,0.83,0.83
PIL2,Pilchard,0.70,0.70,0.84,0.84,0.83,0.83,0.83,0.83,0.83,0.83,0.83,0.83,0.83,0.83
PIL3,Pilchard,0.70,0.70,0.84,0.84,0.83,0.83,0.83,0.83,0.83,0.83,0.83,0.83,0.83,0.83
PIL4,Pilchard,0.70,0.70,0.84,0.84,0.83,0.83,0.83,0.83,0.83,0.83,0.83,0.83,0.83,0.83
PIL7,Pilchard,0.70,0.70,0.84,0.84,0.83,0.83,0.83,0.83,0.83,0.83,0.83,0.83,0.83,0.83
PIL8,Pilchard,0.70,0.70,0.84,0.84,0.83,0.83,0.83,0.83,0.83,0.83,0.83,0.83,0.83,0.83
POR1,Porae,2.14,2.14,2.70,2.35,2.33,2.63,2.63,2.97,2.51,2.51,2.506121279,3.949249503,4.002504162,2.962715443
POR10,Porae,2.15,2.15,2.66,2.30,2.28,2.28,2.28,2.28,2.28,2.28,2.28,2.28,2.28,2.28
POR2,Porae,2.15,2.15,2.37,2.14,2.12,2.39,2.39,2.10,2.22,2.22,2.217231506,2.909712528,3.31136996,3.024172858
POR3,Porae,2.15,2.15,2.66,2.30,2.28,2.28,2.28,2.28,2.28,2.28,2.28,2.28,2.28,2.28
POS1,Porbeagle Shark,0.40,0.40,0.36,0.60,0.60,0.71,0.25,0.25,0.41,0.41,0.406986983,0.406986983,0.406986983,0.406986983
PPI1A,Pipi,1.10,1.10,0.94,0.93,0.92,0.92,0.92,0.92,0.92,0.92,0.92,0.92,0.92,0.92
PPI1B,Pipi,1.10,1.10,0.95,0.93,0.92,0.92,0.92,0.92,0.92,0.92,0.92,0.92,0.92,0.92
PPI1C,Pipi,1.10,1.10,0.95,0.93,0.92,0.92,0.92,0.92,0.92,0.92,0.92,0.92,0.92,0.92
PPI2,Pipi,1.10,1.10,0.95,0.93,0.92,0.92,0.92,0.92,0.92,0.92,0.92,0.92,0.92,0.92
PPI3,Pipi,1.10,1.10,0.95,0.93,0.92,0.92,0.92,0.92,0.92,0.92,0.92,0.92,0.92,0.92
PPI4,Pipi,1.10,1.10,0.95,0.93,0.92,0.92,0.92,0.92,0.92,0.92,0.92,0.92,0.92,0.92
PPI5,Pipi,1.10,1.10,0.95,0.93,0.92,0.92,0.92,0.92,0.92,0.92,0.92,0.92,0.92,0.92
PPI7,Pipi,1.10,1.10,0.95,0.93,0.92,0.92,0.92,0.92,0.92,0.92,0.92,0.92,0.92,0.92
PPI8,Pipi,1.10,1.10,0.95,0.93,0.92,0.92,0.92,0.92,0.92,0.92,0.92,0.92,0.92,0.92
PPI9,Pipi,1.10,1.10,0.95,0.93,0.92,0.92,0.92,0.92,0.92,0.92,0.92,0.92,0.92,0.92
PRK1,Prawn Killer,0.25,0.25,1.26,3.45,3.42,3.42,3.42,3.42,3.42,3.42,3.42,3.42,3.42,3.42
PRK10,Prawn Killer,,,,,3.41,3.42,3.42,3.42,3.42,3.42,3.42,3.42,3.42,3.42
PRK2,Prawn Killer,0.25,0.25,1.26,3.45,3.42,3.42,3.42,3.42,3.42,3.42,3.42,3.42,3.42,3.42
PRK3,Prawn Killer,0.25,0.25,1.26,3.45,3.42,3.42,3.42,3.42,3.42,3.42,3.42,3.42,3.42,3.42
PRK4A,Prawn Killer,0.25,0.25,1.26,3.45,3.42,3.42,3.42,3.42,3.42,3.42,3.42,3.42,3.42,3.42
PRK5,Prawn Killer,0.25,0.25,1.26,3.45,3.42,3.42,3.42,3.42,3.42,3.42,3.42,3.42,3.42,3.42
PRK6A,Prawn Killer,0.25,0.25,1.26,3.45,3.42,3.42,3.42,3.42,3.42,3.42,3.42,3.42,3.42,3.42
PRK6B,Prawn Killer,0.25,0.25,1.26,3.45,3.42,3.42,3.42,3.42,3.42,3.42,3.42,3.42,3.42,3.42
PRK7,Prawn Killer,0.25,0.25,1.26,3.45,3.42,3.42,3.42,3.42,3.42,3.42,0.539943453,0.539943453,0.539943453,0.539943453
PRK8,Prawn Killer,0.25,0.25,1.26,3.45,3.42,3.42,3.42,3.42,3.42,3.42,3.42,3.42,3.42,3.42
PRK9,Prawn Killer,0.25,0.25,1.26,3.45,3.42,3.42,3.42,3.42,3.42,3.42,3.42,3.42,3.42,3.42
PTO1,Patagonian Toothfish,3.00,3.00,3.62,3.63,3.60,10.00,10.00,10.00,10.00,10.00,10,10,10,10
PZL1,King Clam,20.00,20.00,24.13,24.21,24.02,24.02,24.02,24.02,24.02,24.02,24.02,24.02,24.02,24.02
PZL2,King Clam,20.00,20.00,24.13,24.21,24.02,24.02,24.02,24.02,24.02,24.02,24.02,24.02,24.02,24.02
PZL3,King Clam,20.00,20.00,24.13,24.21,24.02,24.02,24.02,24.02,24.02,24.02,24.02,24.02,24.02,24.02
PZL4,King Clam,20.00,20.00,24.13,24.21,24.02,24.02,24.02,24.02,24.02,24.02,24.02,24.02,24.02,24.02
PZL5,King Clam,20.00,20.00,24.13,24.21,24.02,24.02,24.02,24.02,24.02,24.02,24.02,24.02,24.02,24.02
PZL7,King Clam,20.00,20.00,24.13,24.21,24.02,24.02,24.02,24.02,24.02,24.02,24.02,19.1200309,19.1200309,19.1200309
PZL8,King Clam,20.00,20.00,24.13,24.21,24.02,24.02,24.02,24.02,24.02,24.02,24.02,24.02,24.02,24.02
PZL9,King Clam,20.00,20.00,24.13,24.21,24.02,24.02,24.02,24.02,24.02,24.02,24.02,24.02,24.02,24.02
QSC3,Queen Scallop,1.70,1.70,2.05,2.06,2.04,2.04,2.04,2.04,2.04,2.04,2.04,2.04,2.04,3.5
RBM1,Ray's Bream,0.83,0.83,1.01,1.11,1.10,1.19,1.19,1.19,1.06,0.77,0.771791971,0.771791971,0.771791971,0.771791971
RBT1,Red Bait, , ,0.39,0.39,0.39,0.39,0.39,0.39,0.39,0.39,0.39,0.39,0.39,0.39
RBT10,Red Bait, , ,0.39,0.39,0.39,0.39,0.39,0.39,0.39,0.39,0.39,0.39,0.39,0.39
RBT3,Red Bait, , ,0.39,0.39,0.39,0.39,0.39,0.10,0.10,0.10,0.098089895,0.098089895,0.201599858,0.949763771
RBT7,Red Bait, , ,0.39,0.39,0.39,0.39,0.39,0.39,0.39,0.39,0.39,0.39,0.39,0.39
RBY1,Ruby Fish,0.78,0.78,1.07,1.28,1.27,2.00,2.00,2.29,2.28,2.28,2.281919059,1.537697181,1.537697181,1.479324639
RBY10,Ruby Fish,0.56,0.56,0.99,1.15,1.14,1.14,1.14,1.14,1.14,1.14,1.14,1.14,1.14,1.14
RBY2,Ruby Fish,0.55,0.55,1.01,1.15,1.14,1.14,1.14,0.27,0.27,0.27,0.269826364,0.269826364,0.585789832,0.747486294
RBY3,Ruby Fish,0.37,0.37,0.99,1.15,1.14,1.14,1.14,0.26,0.26,0.26,0.258150724,0.258150724,0.258150724,0.06
RBY4,Ruby Fish,0.56,0.56,0.33,1.15,1.14,1.14,0.25,0.25,0.30,0.30,0.244718514,0.235851749,0.230975689,0.230669779
RBY5,Ruby Fish,,,,,1.14,1.14,1.14,1.14,1.14,1.14,1.14,0.070342295,0.237580175,0.06
RBY6,Ruby Fish,,,,,1.14,1.54,1.54,1.54,1.54,1.54,1.54,1.54,1.54,1.54
RBY7,Ruby Fish,0.56,0.56,0.64,0.69,0.68,0.25,0.25,0.73,0.36,0.44,0.437283618,0.437283618,0.437283618,1.101387671
RBY8,Ruby Fish,0.56,0.56,0.99,1.15,1.14,1.14,1.14,1.14,1.14,1.14,1.14,1.14,1.14,1.14
RBY9,Ruby Fish,0.56,0.56,0.99,0.78,0.77,0.77,0.77,0.73,0.73,0.73,0.73492409,0.73492409,0.73492409,1.101387671
RCO1,Red Cod,1.28,1.28,0.70,0.86,0.84,0.67,0.67,0.55,0.48,0.49,0.50068533,0.483026375,0.687588059,0.687588059
RCO10,Red Cod,0.60,0.60,0.65,0.77,0.62,0.62,0.62,0.62,0.62,0.62,0.62,0.62,0.62,0.62
RCO2,Red Cod,0.60,0.60,0.93,0.77,0.90,0.77,0.86,0.77,0.71,0.75,0.737123566,0.647999811,0.687588059,0.687588059
RCO3,Red Cod,0.58,0.58,0.61,0.73,0.61,0.61,0.59,0.56,0.52,0.64,0.618140922,0.702235789,0.733804585,0.774339715
RCO7,Red Cod,0.60,0.60,0.67,0.79,0.61,0.61,0.57,0.49,0.51,0.52,0.551628659,0.526839452,0.603957066,0.651163696
RIB1,Ribaldo,0.48,0.48,0.92,1.38,1.37,1.12,1.12,1.12,1.47,1.47,0.888361535,1.650467904,1.77758285,0.97391255
RIB10,Ribaldo,1.06,1.06,0.92,0.78,0.77,0.77,0.77,0.77,0.77,0.77,0.77,0.77,0.77,0.77
RIB2,Ribaldo,0.48,0.48,0.92,0.78,0.77,0.77,0.77,0.77,1.58,1.30,1.307305256,1.068020929,1.618835434,1.010886537
RIB3,Ribaldo,0.48,0.48,0.98,0.99,0.98,0.98,0.98,0.98,0.75,0.84,1.128245455,0.662761321,0.758450555,1.513631525
RIB4,Ribaldo,0.48,0.48,0.59,0.64,0.63,0.63,0.63,0.63,0.55,0.99,0.71231178,0.523139349,0.88051088,1.039337065
RIB5,Ribaldo,0.48,0.48,0.69,0.75,0.74,0.63,0.63,0.63,0.63,0.63,0.710267184,0.583321176,0.592850085,0.499150457
RIB6,Ribaldo,0.48,0.48,0.62,0.51,0.51,0.45,0.45,0.45,0.45,0.73,0.763074,0.379468238,0.602614017,0.576763355
RIB7,Ribaldo,0.48,0.48,0.92,0.78,0.77,1.03,1.03,1.03,0.74,0.74,0.751361642,0.566241882,0.714563986,0.597832355
RIB8,Ribaldo,0.48,0.48,0.92,0.78,0.77,0.75,0.77,0.76,0.68,0.68,0.850912217,0.732942387,0.732942387,0.74
RIB9,Ribaldo,0.48,0.48,0.92,0.78,0.77,0.77,0.77,2.08,1.57,0.41,1.796459446,1.420095419,0.905326016,0.97391255
RSK1,Rough Skate,0.42,0.42,0.39,0.63,0.63,0.60,0.60,0.25,0.26,0.19,0.210332752,0.204975251,0.470506746,0.388553164
RSK10,Rough Skate,0.42,0.42,0.62,0.63,0.63,0.63,0.63,0.63,0.63,0.63,0.63,0.63,0.63,0.63
RSK3,Rough Skate,0.42,0.42,0.61,0.63,0.63,0.48,0.50,0.51,0.52,0.46,0.447350063,0.447427529,0.468377942,0.954176161
RSK7,Rough Skate,0.42,0.42,0.72,0.70,0.69,0.51,0.50,0.56,0.55,0.48,0.479294975,0.468737963,0.495746898,0.494634152
RSK8,Rough Skate,0.42,0.42,0.46,0.49,0.49,0.39,0.51,0.25,0.31,0.26,0.228348049,0.261311338,0.43745646,0.37109316
RSN1,Red Snapper,7.93,7.93,8.14,8.06,8.00,8.39,8.39,7.32,8.09,9.34,9.343127133,6.86615727,9.323434963,7.69704327
RSN10,Red Snapper,7.89,7.89,6.96,7.40,7.34,7.34,7.34,7.34,7.34,7.34,7.34,7.34,7.34,7.34
RSN2,Red Snapper,7.10,7.10,6.96,4.62,4.58,5.00,5.00,5.28,6.49,7.29,2.080861387,5.457188032,5.457188032,6.404406382
SAE1,Surf Clam   triangle shell,0.70,0.70,0.84,0.84,0.83,0.83,0.83,0.83,0.83,0.83,0.83,0.83,0.83,0.83
SAE2,Surf Clam   triangle shell,0.70,0.70,0.84,0.84,0.83,0.83,0.83,0.83,0.83,0.83,0.83,0.83,0.83,0.83
SAE3,Surf Clam   triangle shell,0.70,0.70,0.84,0.84,0.83,0.83,0.83,0.83,0.83,0.83,0.83,0.83,0.83,2.5
SAE4,Surf Clam   triangle shell,0.70,0.70,0.84,0.84,0.83,0.83,0.83,0.83,0.83,0.83,0.83,0.83,0.83,0.83
SAE5,Surf Clam   triangle shell,0.70,0.70,0.84,0.84,0.83,0.83,0.83,0.83,0.83,0.83,0.83,0.83,0.83,0.83
SAE7,Surf Clam   triangle shell,0.70,0.70,0.84,0.84,0.83,0.83,0.83,0.83,0.83,0.83,0.83,0.83,0.83,2.5
SAE8,Surf Clam   triangle shell,0.70,0.70,0.84,0.84,0.83,0.83,0.83,0.83,0.83,0.83,0.83,0.83,0.83,2.5
SAE9,Surf Clam   triangle shell,0.70,0.70,0.84,0.84,0.83,0.83,0.83,0.83,0.83,0.83,0.83,0.83,0.83,0.83
SBW1,Southern Blue Whiting,0.35,0.35,0.79,0.56,0.56,0.56,0.56,0.56,0.56,0.30,0.3,0.3,0.3,0.3
SBW6A,Southern Blue Whiting,0.35,0.35,0.79,0.42,0.42,0.42,0.42,0.42,0.42,0.42,0.42,0.42,0.42,0.42
SBW6B,Southern Blue Whiting,0.35,0.35,0.67,0.56,0.56,0.56,0.56,0.56,0.56,0.56,0.56,0.56,0.56,0.56
SBW6I,Southern Blue Whiting,0.35,0.35,0.79,0.51,0.51,0.63,0.63,0.63,0.63,0.63,0.63,0.63,0.63,0.63
SBW6R,Southern Blue Whiting,0.35,0.35,0.79,0.56,0.56,0.56,0.56,0.56,0.56,0.56,0.56,0.56,0.56,0.56
SCA1,Scallop,15.85,15.85,17.69,16.03,15.90,15.90,15.90,15.90,15.90,15.90,15.9,15.9,15.9,15.9
SCA1A,Scallop,14.38,14.38,17.69,16.03,15.90,15.90,15.90,15.90,15.90,15.90,15.9,15.9,15.9,15.9
SCA2A,Scallop,14.38,14.38,17.69,16.03,15.90,15.90,15.90,15.90,15.90,15.90,15.9,15.9,15.9,15.9
SCA3,Scallop,14.38,14.38,17.69,16.03,15.90,15.90,15.90,15.90,15.90,15.90,15.9,15.9,15.9,15.9
SCA4,Scallop,14.38,14.38,17.69,16.03,15.90,15.90,15.90,15.90,15.90,15.90,15.9,15.9,15.9,15.9
SCA5,Scallop,14.38,14.38,17.69,16.03,15.90,15.90,15.90,15.90,15.90,15.90,15.9,15.9,15.9,15.9
SCA7,Scallop,13.47,13.47,18.30,15.23,15.11,15.11,15.11,15.11,15.11,15.11,15.11,15.11,15.11,15.11
SCA7A,Scallop,14.38,14.38,17.69,16.03,15.90,15.90,15.90,15.90,15.90,15.90,15.9,15.9,15.9,15.9
SCA7B,Scallop,14.38,14.38,17.69,16.03,15.90,15.90,15.90,15.90,15.90,15.90,15.9,15.9,15.9,15.9
SCA7C,Scallop,14.38,14.38,17.69,16.03,15.90,15.90,15.90,15.90,15.90,15.90,15.9,15.9,15.9,15.9
SCA8A,Scallop,14.38,14.38,17.69,16.03,15.90,15.90,15.90,15.90,15.90,15.90,15.9,15.9,15.9,15.9
SCA9A,Scallop,14.38,14.38,17.69,16.03,15.90,15.90,15.90,15.90,15.90,15.90,15.9,15.9,15.9,15.9
SCACS,Scallop,14.38,14.38,15.75,16.03,15.90,15.90,15.90,15.90,15.90,15.90,15.9,15.9,15.9,15.9
SCC10,Sea Cucumber,1.00,1.00,1.21,1.21,1.20,1.20,1.20,1.20,1.20,1.20,1.2,1.2,1.2,1.2
SCC1A,Sea Cucumber,1.00,1.00,1.21,1.21,1.20,1.20,1.20,1.20,1.20,1.20,1.2,1.2,1.2,1.2
SCC1B,Sea Cucumber,1.00,1.00,1.21,1.21,1.20,1.20,1.20,1.20,1.20,1.20,1.2,1.2,1.2,1.2
SCC2A,Sea Cucumber,1.00,1.00,1.21,1.21,1.20,1.20,1.20,1.20,1.20,1.20,1.2,1.2,1.2,1.2
SCC2B,Sea Cucumber,1.00,1.00,1.21,1.21,1.20,1.20,1.20,1.20,1.20,1.20,1.2,1.2,1.2,1.2
SCC3,Sea Cucumber,1.00,1.00,1.21,1.21,1.20,1.20,1.20,1.20,1.20,1.20,1.2,1.2,1.2,1.2
SCC4,Sea Cucumber,1.00,1.00,1.21,1.21,1.20,1.20,1.20,1.20,1.20,1.20,1.2,1.2,1.2,1.2
SCC5A,Sea Cucumber,1.00,1.00,1.21,1.21,1.20,1.20,1.20,1.20,1.20,1.20,1.2,1.2,1.2,10
SCC5B,Sea Cucumber,1.00,1.00,1.21,1.21,1.20,1.20,1.20,1.20,1.20,1.20,1.2,1.2,1.2,1.2
SCC6,Sea Cucumber,1.00,1.00,1.21,1.21,1.20,1.20,1.20,1.20,1.20,1.20,1.2,1.2,1.2,1.2
SCC7A,Sea Cucumber,1.00,1.00,1.21,1.21,1.20,1.20,1.20,1.20,1.57,1.57,1.570142156,1.570142156,1.570142156,1.570142156
SCC7B,Sea Cucumber,1.00,1.00,1.21,1.21,1.20,1.20,1.20,1.20,1.20,1.20,1.2,1.2,1.2,1.2
SCC7D,Sea Cucumber,1.00,1.00,1.21,1.21,1.20,1.20,1.20,1.20,1.20,1.20,1.2,1.2,1.2,1.2
SCC8,Sea Cucumber,1.00,1.00,1.21,1.21,1.20,1.20,1.20,1.20,5.28,5.28,5.280136622,5.280136622,5.280136622,5.280136622
SCC9,Sea Cucumber,1.00,1.00,1.21,1.21,1.20,1.20,1.20,1.20,1.20,1.20,1.2,1.2,1.2,1.2
SCH1,School Shark,2.19,2.19,1.78,1.49,1.48,2.82,2.82,2.51,2.56,1.74,0.91864696,1.75545818,2.053794494,1.87336654
SCH10,School Shark,2.19,2.19,2.21,2.36,2.34,2.34,2.34,2.34,2.34,2.34,2.34,2.34,2.34,2.34
SCH2,School Shark,2.29,2.29,2.21,2.05,2.03,2.28,2.88,2.31,2.40,1.53,2.194668127,2.240570476,2.142996355,2.505645882
SCH3,School Shark,1.85,1.85,2.24,2.52,2.50,1.87,2.97,2.30,2.37,2.30,2.359910189,2.267994891,2.303523112,3.776115963
SCH4,School Shark,2.19,2.19,1.70,1.67,1.66,1.66,1.66,2.34,2.55,2.32,2.180241275,2.169200997,2.177031125,3.061300803
SCH5,School Shark,2.48,2.48,2.47,2.58,2.56,2.36,2.22,2.18,2.19,2.25,2.321882096,1.986916881,2.224828,3.289267282
SCH7,School Shark,2.19,2.19,2.32,2.48,2.46,2.20,2.19,2.28,2.39,2.40,2.268535059,2.040005159,2.087353672,2.227273163
SCH8,School Shark,2.19,2.19,2.14,2.43,2.41,2.47,2.42,2.47,2.52,2.58,2.405198186,3.483803501,2.396965475,3.843209944
SCI1,Scampi,18.66,18.66,22.51,15.97,14.97,14.97,14.97,14.75,14.75,18.31,17.04112682,17.04112682,17.04112682,17.04112682
SCI10,Scampi,18.66,18.66,22.51,13.46,13.83,13.83,13.83,13.83,13.83,13.83,13.83,13.83,13.83,13.83
SCI2,Scampi,18.66,18.66,22.51,13.46,13.02,13.02,13.02,13.53,13.53,18.87,16.09979964,16.09979964,16.09979964,16.09979964
SCI3,Scampi,18.66,18.66,22.51,13.91,13.79,13.79,13.79,15.09,15.09,19.29,17.93586564,17.93586564,17.93586564,17.93586564
SCI4A,Scampi,18.66,18.66,22.51,13.46,13.83,13.83,13.83,13.83,13.83,16.20,16.18187509,16.18187509,16.18187509,16.18187509
SCI5,Scampi,18.66,18.66,22.51,13.46,13.83,13.83,13.83,13.83,13.83,13.83,13.83,13.83,13.83,13.83
SCI6A,Scampi,18.66,18.66,22.51,13.46,13.86,13.86,13.86,12.54,12.54,15.62,15.25252329,15.25252329,15.25252329,15.25252329
SCI6B,Scampi,18.66,18.66,22.51,13.46,13.83,13.83,13.83,13.83,13.83,13.83,13.83,13.83,13.83,13.83
SCI7,Scampi,18.66,18.66,22.51,13.46,13.83,13.83,13.83,13.83,13.83,18.50,18.49888389,18.49888389,18.49888389,6
SCI8,Scampi,18.66,18.66,22.51,13.46,13.83,13.83,13.83,13.83,13.83,13.83,13.83,13.83,13.83,13.83
SCI9,Scampi,18.66,18.66,22.51,13.46,13.83,13.83,13.83,13.83,13.83,13.83,13.83,13.83,13.83,13.83
SFE11,Short finned eel,3.50,3.50,4.00,4.34,4.31,4.31,4.31,4.31,4.31,5.38,5.381524571,5.381524571,5.381524571,5.381524571
SFE12,Short finned eel,3.50,3.50,4.00,4.34,4.31,4.31,4.31,4.31,4.31,5.37,5.37,5.37,5.37,5.37
SFE13,Short finned eel,3.50,3.50,4.00,4.34,4.31,4.31,4.31,4.31,4.31,6.23,4.31,6.231146331,6.231146331,6.231146331
SFE14,Short finned eel,3.50,3.50,4.00,4.34,4.31,4.31,4.31,4.31,4.31,5.37,5.37,5.37,5.37,5.37
SFE15,Short finned eel,3.50,3.50,4.00,4.34,4.31,4.31,4.31,4.31,4.31,5.37,5.37,5.37,5.37,5.37
SFE16,Short finned eel,3.50,3.50,4.00,4.34,4.31,4.31,4.31,4.31,4.31,4.54,4.537520872,4.537520872,4.537520872,4.537520872
SFE17,Shortfinned eel,3.87,3.87,4.80,4.91,5.37,5.37,5.37,5.37,5.37,5.37,5.37,5.37,5.37,5.37
SFE20,Shortfinned eel,3.87,3.87,5.03,5.08,5.37,5.37,6.40,5.73,5.73,5.88,5.879099342,4.985057793,4.985057793,4.985057793
SFE21,Shortfinned eel,3.87,3.87,5.03,5.14,5.37,5.37,6.40,5.81,5.81,5.99,5.993834652,5.15419148,5.250217073,5.250217073
SFE22,Shortfinned eel,3.87,3.87,5.03,5.17,5.37,5.37,6.40,5.48,5.48,5.84,5.843652397,5.356955446,5.356955446,5.356955446
SFE23,Shortfinned eel,3.87,3.87,4.80,5.23,5.37,5.37,5.37,5.37,5.37,5.37,5.37,5.869530355,5.869530355,5.869530355
SKI1,Gemfish,2.02,2.02,1.79,1.63,1.62,1.62,1.62,2.04,2.06,1.80,1.825945782,1.980166974,2.677510647,1.954692958
SKI10,Gemfish,2.02,2.02,1.71,1.63,1.62,1.62,1.62,1.62,1.62,1.62,1.62,1.62,1.62,1.62
SKI2,Gemfish,1.79,1.79,1.71,1.84,1.83,2.30,2.30,1.98,1.94,1.67,1.406906451,2.104964484,2.363011662,2.179005384
SKI3,Gemfish,2.02,2.02,1.71,1.51,1.50,1.32,1.32,1.89,1.19,1.57,1.165993337,1.205226546,1.344999282,1.297046457
SKI7,Gemfish,2.02,2.02,1.58,1.27,1.26,1.66,1.22,1.57,1.20,1.25,1.210503249,1.370954499,1.49953902,1.348799302
SKJ1,Skipjacktuna,0.68,0.68,0.51,0.53,0.54,1.64,0.50,0.50,0.50,0.47,0.46,0.463152367,0.463152367,0.463152367
SNA1,Snapper,5.14,5.14,5.57,5.77,5.89,6.23,6.21,6.43,6.64,4.97,4.067117343,5.855950207,6.134160017,6.019444086
SNA10,Snapper,4.98,4.98,5.43,5.71,5.70,5.70,5.70,5.70,5.70,5.70,5.7,5.7,5.7,5.7
SNA2,Snapper,4.98,4.98,6.06,6.17,5.71,5.93,6.24,6.00,6.13,5.47,6.51112115,5.965050615,5.412010852,6.133640511
SNA3,Snapper,4.98,4.98,5.43,5.71,5.70,5.70,5.70,6.37,6.37,4.70,4.10052208,5.529614276,5.785253456,5.785253456
SNA7,Snapper,4.98,4.98,4.08,4.22,4.40,4.80,4.13,4.10,4.22,4.28,4.264602878,4.12152747,4.390480786,4.811729588
SNA8,Snapper,4.98,4.98,5.24,5.71,5.70,5.70,5.70,6.52,6.58,3.90,3.602497962,4.545193726,4.929018767,4.632136319
SPD1,Spiny Dogfish,0.56,0.56,0.69,0.22,0.22,0.22,0.22,0.22,0.44,0.58,0.581663789,0.581663789,0.581663789,0.581663789
SPD10,Spiny Dogfish,0.56,0.56,0.58,0.32,0.32,0.32,0.32,0.32,0.32,0.32,0.32,0.32,0.32,0.32
SPD3,Spiny Dogfish,0.58,0.58,0.59,0.33,0.33,0.17,0.17,0.17,0.17,0.17,0.17,0.17,0.17,0.17
SPD4,Spiny Dogfish,0.56,0.56,0.58,0.26,0.26,0.26,0.26,0.26,0.26,0.26,0.26,0.26,0.093997843,0.093997843
SPD5,Spiny Dogfish,0.56,0.56,0.58,0.43,0.43,0.17,0.17,0.17,0.17,0.17,0.17,0.17,0.17,0.17
SPD7,Spiny Dogfish,0.56,0.56,0.53,0.16,0.16,0.16,0.16,0.16,0.16,0.16,0.16,0.16,0.16,0.16
SPD8,Spiny Dogfish,0.56,0.56,0.58,0.32,0.32,0.32,0.32,0.32,0.32,0.32,0.32,0.32,0.32,0.32
SPE1,Sea Perch,0.53,0.53,1.88,1.86,0.65,0.65,0.65,1.20,1.10,0.09,0.117790221,0.557404616,1.31397307,0.459511006
SPE10,Sea Perch,0.53,0.53,0.58,0.75,0.65,0.65,0.65,0.65,0.65,0.65,0.65,0.65,0.65,0.65
SPE2,Sea Perch,0.53,0.53,1.53,1.42,0.65,0.76,0.76,0.76,0.81,0.95,0.803626726,0.68301339,1.275782294,0.571982674
SPE3,Sea Perch,0.48,0.48,0.49,0.64,0.57,0.65,0.77,0.66,0.68,0.67,0.610373731,0.707382609,0.756473633,0.818976914
SPE4,Sea Perch,0.53,0.53,0.52,0.64,0.54,0.59,0.59,0.51,0.57,0.58,0.439758009,0.323859226,0.648435754,0.739605321
SPE5,Sea Perch,0.53,0.53,0.58,0.46,0.43,0.43,0.43,0.43,0.43,0.34,0.567827857,0.501622205,0.517717148,0.541536172
SPE6,Sea Perch,0.53,0.53,0.58,0.34,0.65,0.65,0.65,0.65,0.65,0.16,0.163861257,0.529531913,0.511944063,0.69
SPE7,Sea Perch,0.53,0.53,0.67,0.80,0.69,0.76,0.75,0.53,0.58,0.64,0.563279724,0.443683676,0.684594205,0.719061188
SPE8,Sea Perch,0.53,0.53,0.57,1.33,0.65,0.68,0.68,0.61,0.59,0.66,0.66218467,0.529531913,0.752937487,0.76177418
SPE9,Sea Perch,0.53,0.53,0.58,0.75,0.65,1.55,1.55,2.87,1.80,0.73,0.73456061,1.30591159,1.082277127,0.985446171
SPO1,Rig,4.74,4.74,3.49,3.78,3.75,3.85,3.85,3.74,2.91,3.70,3.843760072,2.064987761,3.547163491,4.671955194
SPO10,Rig,3.91,3.91,3.72,3.74,3.71,3.71,3.71,3.71,3.71,3.71,3.71,3.71,3.71,3.71
SPO2,Rig,3.63,3.63,3.38,3.38,3.35,3.27,2.55,2.76,3.98,2.62,4.075327821,3.542437144,3.680562777,4.201865573
SPO3,Rig,3.38,3.38,3.89,3.88,3.85,3.75,4.23,3.91,3.78,3.97,4.316187111,4.067323247,3.887028227,5.562488172
SPO7,Rig,3.91,3.91,3.69,3.63,3.60,3.39,3.30,3.73,3.81,3.90,3.752570202,2.969149656,3.621503903,3.533354066
SPO8,Rig,3.91,3.91,3.73,3.74,3.71,3.83,3.83,3.81,3.90,3.97,3.699494376,4.387057102,3.797075641,3.688291035
SPR1,Sprats,1.00,1.00,1.21,1.21,1.20,1.20,1.20,1.20,1.20,1.20,1.2,1.2,1.2,1.2
SPR10,Sprats,1.00,1.00,1.21,1.21,1.20,1.20,1.20,1.20,1.20,1.20,1.2,1.2,1.2,1.2
SPR3,Sprats,1.00,1.00,1.21,1.21,1.20,1.20,1.20,1.20,1.20,1.20,1.2,1.2,1.2,1.2
SPR4,Sprats,1.00,1.00,1.21,1.21,1.20,1.20,1.20,1.20,1.20,1.20,1.2,1.2,1.2,1.2
SPR7,Sprats,1.00,1.00,1.21,1.21,1.20,1.20,1.20,1.20,1.20,1.20,1.2,1.2,1.2,1.2
SQU10T,Squid,0.77,0.77,1.08,1.15,1.14,1.14,1.14,1.14,1.14,1.14,1.14,1.14,1.14,1.14
SQU1J,Squid,0.77,0.77,1.08,1.15,1.14,1.14,1.14,1.14,1.14,1.14,1.14,1.14,1.14,1.14
SQU1T,Squid,0.77,0.77,1.08,1.15,1.14,1.31,1.31,1.31,1.22,1.22,1.224536281,1.224536281,1.328326122,1.399816766
SQU6T,Squid,0.79,0.79,1.05,1.15,1.14,1.14,1.14,1.14,1.14,1.24,1.229045193,1.244965936,1.208307595,1.294415365
SSK1,Smooth Skate,0.36,0.36,0.50,0.52,0.52,0.48,0.50,0.32,0.23,0.19,0.198977609,0.214313245,0.438288011,0.216297865
SSK10,Smooth Skate,0.36,0.36,0.55,0.49,0.49,0.49,0.49,0.49,0.49,0.49,0.49,0.49,0.49,0.49
SSK3,Smooth Skate,0.36,0.36,0.57,0.49,0.49,0.45,0.45,0.44,0.45,0.46,0.419885596,0.429371822,0.442878477,0.487702216
SSK7,Smooth Skate,0.34,0.34,0.52,0.56,0.56,0.58,0.49,0.50,0.48,0.49,0.459877826,0.396606457,0.475272937,0.45980645
SSK8,Smooth Skate,0.36,0.36,0.55,0.55,0.55,0.47,0.49,0.33,0.38,0.35,0.277325525,0.300164168,0.452888899,0.306002579
STA1,Stargazer,1.05,1.05,1.52,1.25,1.24,1.24,1.24,0.95,1.11,0.67,0.675675712,1.5527089,2.038222218,1.646843169
STA10,Stargazer,1.05,1.05,1.24,1.25,1.24,1.24,1.24,1.24,1.24,1.24,1.24,1.24,1.24,1.24
STA2,Stargazer,1.22,1.22,1.54,1.25,1.24,1.45,1.45,1.21,1.37,1.28,1.197783311,1.171519157,1.225516822,1.730594359
STA3,Stargazer,1.03,1.03,1.25,1.25,1.24,1.22,1.22,1.25,1.19,1.49,1.260003045,1.345153663,1.313160974,2.344607231
STA4,Stargazer,1.05,1.05,1.32,1.45,1.44,1.21,1.21,1.21,1.05,1.28,1.197783311,1.171519157,1.225516822,1.891659002
STA5,Stargazer,1.05,1.05,1.30,1.26,1.25,1.30,1.27,1.28,1.19,1.27,1.266367661,1.173900575,1.180004496,2.562812663
STA7,Stargazer,1.05,1.05,1.13,1.25,1.24,1.21,1.18,1.20,1.23,1.24,1.232209755,1.135460082,1.195810678,1.18802247
STA8,Stargazer,1.14,1.14,1.15,1.25,1.24,1.53,1.53,1.21,1.37,1.28,1.197783311,1.171519157,1.262978398,1.891659002
STN1,Southern Bluefin Tuna,26.07,26.07,31.45,31.56,31.31,31.31,13.03,10.91,12.37,8.99,8.347509968,6.077552356,8.211288655,6.119852924
SUR10,Kina,1.20,1.20,1.80,1.77,1.76,1.76,1.76,1.76,1.76,1.76,1.76,1.76,1.76,1.76
SUR1A,Kina,1.38,1.38,1.29,1.77,1.76,1.76,0.70,0.70,0.73,0.73,0.127667158,0.127667158,1.522056715,2.621453383
SUR1B,Kina,1.20,1.20,1.80,1.77,1.76,1.76,0.96,0.96,0.96,0.96,0.959327589,0.959327589,0.902913603,0.977212957
SUR2A,Kina,1.05,1.05,1.80,1.77,1.76,1.76,1.76,1.76,1.76,1.76,1.76,1.76,1.76,1.76
SUR2B,Kina,1.20,1.20,1.80,1.77,1.76,1.76,1.76,1.76,1.76,1.76,1.76,1.76,1.76,1.76
SUR3,Kina,1.20,1.20,1.80,2.00,1.98,1.98,1.98,1.98,1.98,1.98,1.98,1.98,1.98,10
SUR4,Kina,1.20,1.20,1.80,1.77,1.76,1.76,1.76,1.76,1.76,1.76,1.76,1.76,1.76,1.76
SUR5,Kina,1.20,1.20,1.80,2.06,2.04,2.04,2.04,2.96,1.98,1.98,3.418454505,3.418454505,1.16282491,6.878236077
SUR7A,Kina,1.82,1.82,1.80,1.77,1.76,1.76,2.40,1.92,1.93,1.93,3.377221689,3.377221689,1.453826212,8.814296019
SUR7B,Kina,1.20,1.20,1.80,1.77,1.76,1.76,1.76,1.76,1.76,1.76,1.76,1.76,1.76,1.76
SUR8,Kina,1.20,1.20,1.80,1.77,1.76,1.76,1.76,1.76,1.76,1.76,1.76,1.76,1.76,1.76
SUR9,Kina,1.20,1.20,1.80,1.77,1.76,1.76,1.76,1.76,1.76,1.76,1.76,1.76,1.76,1.76
SWA1,Silver Warehou,1.36,1.36,1.52,1.14,1.09,1.03,1.03,0.77,0.85,0.77,0.75088211,0.758227629,0.753023465,0.834708048
SWA10,Silver Warehou,1.36,1.36,1.09,0.96,0.83,0.83,0.83,0.83,0.83,0.83,0.83,0.83,0.83,0.83
SWA3,Silver Warehou,1.36,1.36,1.01,0.77,0.64,0.64,0.64,0.76,0.63,0.73,0.619044735,0.7082339,0.777633614,0.908376918
SWA4,Silver Warehou,1.36,1.36,1.02,1.10,0.97,0.73,0.73,0.77,0.67,0.70,0.861029787,0.819277937,0.742757231,0.779356969
SWO1,Broadbill Swordfish,6.51,6.51,5.73,5.27,5.23,5.53,5.05,4.65,4.42,5.35,5.353071514,6.224935855,6.224935855,6.224935855
TAR1,Tarakihi,3.00,3.00,3.76,3.87,3.85,3.95,3.95,3.22,3.07,2.40,2.298426704,2.963243621,2.7413766,2.929691962
TAR10,Tarakihi,3.00,3.00,3.10,3.05,3.00,3.00,3.00,3.00,3.00,3.00,3,3,3,3
TAR2,Tarakihi,3.38,3.38,3.72,3.74,3.64,3.97,3.82,3.60,3.77,3.50,3.904289417,3.864826816,3.579932921,3.798334697
TAR3,Tarakihi,1.47,1.47,2.16,2.38,2.20,1.91,2.10,2.00,1.93,2.00,1.952512785,2.299981564,2.444220249,2.828622239
TAR4,Tarakihi,3.25,3.25,2.92,3.68,3.58,3.58,3.58,2.87,2.87,2.54,3.916997512,2.869699218,1.900029965,3.065551531
TAR5,Tarakihi,3.00,3.00,1.94,2.15,2.08,2.00,2.02,1.90,1.85,1.82,1.829084473,1.951225841,1.994010593,2.12053636
TAR7,Tarakihi,3.00,3.00,2.44,2.41,2.26,2.24,2.21,1.94,2.02,2.03,2.177293557,2.30730263,2.416230074,2.66025408
TAR8,Tarakihi,3.00,3.00,2.77,3.08,3.17,3.15,2.08,2.46,2.76,2.34,2.515655008,2.931180894,3.046100096,2.998465599
TOR1,Pacific Bluefin Tuna,26.07,26.07,31.45,31.56,31.31,31.31,31.31,31.31,31.31,31.31,31.31,31.31,31.31,13.56791908
TRE1,Trevally,1.69,1.69,1.78,1.88,2.00,1.90,1.90,1.94,1.79,0.83,0.873188336,1.396724611,1.581088326,1.949705337
TRE10,Trevally,1.54,1.54,1.65,1.67,1.91,1.91,1.91,1.91,1.91,1.91,1.91,1.91,1.91,1.91
TRE2,Trevally,1.54,1.54,2.18,2.03,1.91,1.71,1.45,1.33,1.79,1.61,1.904622326,1.99102275,2.023158118,2.201234552
TRE3,Trevally,1.54,1.54,1.65,1.67,1.91,0.66,0.66,0.66,0.66,0.87,0.886847673,1.271825327,1.498498383,1.622370268
TRE7,Trevally,1.54,1.54,1.57,1.58,1.87,1.59,1.59,0.89,0.95,0.82,0.803122677,1.114621001,1.370247644,1.261201369
TRU1,Trumpeter,2.09,2.09,2.82,2.13,2.11,2.11,2.11,2.11,2.11,2.11,2.11,2.11,2.11,2.11
TRU10,Trumpeter,2.09,2.09,2.82,2.13,2.11,2.11,2.11,2.11,2.11,2.11,2.11,2.11,2.11,2.11
TRU2,Trumpeter,2.16,2.16,3.22,2.13,2.11,2.11,2.11,2.11,3.01,2.95,2.949767416,2.949767416,2.949767416,3.831184939
TRU3,Trumpeter,2.31,2.31,2.82,1.63,1.62,1.66,2.15,2.06,2.12,2.93,2.254003158,3.628797459,3.429277997,4.103297891
TRU4,Trumpeter,2.09,2.09,2.82,2.13,2.11,2.11,2.11,2.11,2.11,3.00,3.003746248,3.003746248,3.003746248,3.003746248
TRU5,Trumpeter,1.88,1.88,2.82,2.56,2.54,1.65,1.65,1.65,2.70,2.95,2.949767416,2.949767416,2.949767416,3.831184939
TRU6,Trumpeter,,,,,2.07,2.07,2.07,2.07,2.07,2.07,2.07,2.07,2.07,2.07
TRU7,Trumpeter,2.09,2.09,2.71,1.88,1.87,1.83,1.63,2.06,2.09,2.48,2.048427605,1.998150974,1.968163265,2.254749009
TRU8,Trumpeter,2.09,2.09,2.82,2.13,2.11,2.18,2.21,2.14,2.20,2.34,2.405260012,2.122881249,2.140672269,2.02
TRU9,Trumpeter,,,,,,2.10,2.10,2.10,2.10,2.10,2.1,2.566666667,4.115714286,4.115714286
TUA1A,Tuatua,1.25,1.25,1.51,1.52,1.51,1.51,1.51,1.51,1.51,1.51,1.51,1.51,1.51,1.51
TUA1B,Tuatua,1.25,1.25,1.51,1.52,1.51,1.51,1.51,1.51,1.51,1.51,1.51,1.51,1.51,1.51
TUA2,Tuatua,1.25,1.25,1.51,1.52,1.51,1.51,1.51,1.51,1.51,1.51,1.51,1.51,1.51,1.51
TUA3,Tuatua,1.25,1.25,1.51,1.52,1.51,1.51,1.51,1.51,1.51,1.51,1.51,1.51,1.51,1.51
TUA4,Tuatua,1.25,1.25,1.51,1.52,1.51,1.51,1.51,1.51,1.51,1.51,1.51,1.51,1.51,1.51
TUA5,Tuatua,1.25,1.25,1.51,1.52,1.51,1.51,1.51,1.51,1.51,1.51,1.51,1.51,1.51,1.51
TUA7,Tuatua,1.25,1.25,1.51,1.52,1.51,1.51,1.51,1.51,1.51,1.51,1.51,1.51,1.51,1.51
TUA8,Tuatua,1.25,1.25,1.51,1.52,1.51,1.51,1.51,1.51,1.51,1.51,1.51,1.51,1.51,1.51
TUA9,Tuatua,1.25,1.25,1.51,1.52,1.51,1.51,1.51,1.51,1.51,1.51,1.51,1.51,1.51,1.51
WAR1,Blue Warehou,1.22,1.22,2.28,1.88,1.87,1.87,1.87,1.31,2.38,1.18,1.153409351,1.417464001,1.460790017,1.417449886
WAR10,Blue Warehou,0.85,0.85,1.52,1.09,1.08,1.08,1.08,1.08,1.08,1.08,1.08,1.08,1.08,1.08
WAR2,Blue Warehou,0.92,0.92,2.52,2.55,2.53,2.40,2.40,1.31,2.22,1.18,1.153409351,1.417464001,1.460790017,1.417449886
WAR3,Blue Warehou,0.92,0.92,1.41,1.09,1.08,1.58,1.58,1.22,1.07,1.09,1.060352011,1.273777059,1.307670418,1.296167792
WAR7,Blue Warehou,0.97,0.97,1.41,1.51,1.50,1.36,1.54,1.30,1.53,1.29,1.393603172,1.54473331,1.684267454,1.635606546
WAR8,Blue Warehou,0.92,0.92,2.50,1.09,1.08,2.41,2.41,2.42,2.23,1.78,1.153409351,1.828408942,1.460790017,1.417449886
WWA1,White Warehou,1.40,1.40,2.49,1.52,1.51,1.41,1.41,1.41,1.41,1.41,1.409443299,1.409443299,1.409443299,1.409443299
WWA10,White Warehou,1.37,1.37,2.49,1.52,1.51,1.51,1.51,1.51,1.51,1.51,1.51,1.51,1.51,1.51
WWA2,White Warehou,1.37,1.37,2.49,1.52,1.51,1.51,1.51,1.51,1.93,1.93,1.932115835,1.932115835,1.932115835,1.932115835
WWA3,White Warehou,1.37,1.37,1.83,1.79,1.78,1.47,1.42,1.42,1.92,1.62,1.783725692,1.623623513,1.813076115,1.813076115
WWA4,White Warehou,1.37,1.37,1.58,1.52,1.51,1.51,1.51,1.71,1.87,1.75,1.751190609,1.751190609,1.894763967,1.894763967
WWA5,White Warehou,,,,,,,,,,,,,,
WWA5B,White Warehou,1.37,1.37,2.49,1.52,1.51,1.51,1.51,1.51,1.51,1.51,2.18179031,2.017599866,2.017599866,2.017599866
WWA6,White Warehou,,,,,,,,,,,,,,
WWA7,White Warehou,1.37,1.37,2.49,1.52,1.51,1.20,1.50,1.78,1.72,1.87,1.617450229,1.578000545,2.018605873,1.69813327
WWA8,White Warehou,1.37,1.37,2.49,1.52,1.51,1.51,1.51,1.51,1.51,1.51,1.51,1.51,1.51,1.51
WWA9,White Warehou,,,,,1.50,1.50,1.50,1.50,1.50,1.50,1.5,1.5,1.5,1.5
YEM1,Yellow eyed Mullet,1.92,1.92,3.85,3.75,3.72,3.72,3.72,3.35,3.35,3.35,3.348504034,3.473647888,3.473647888,3.473647888
YEM10,Yellow eyed Mullet,1.38,1.38,3.35,3.75,3.72,3.72,3.72,3.72,3.72,3.72,3.72,3.72,3.72,3.72
YEM2,Yellow eyed Mullet,1.38,1.38,3.35,3.75,3.72,3.72,3.72,3.72,3.72,3.72,3.72,3.72,3.72,3.72
YEM3,Yellow eyed Mullet,1.38,1.38,3.35,3.75,3.72,3.72,3.72,3.72,3.72,3.72,3.72,3.72,3.72,3.72
YEM4,Yellow Eyed Mullet,,,,,3.71,3.71,3.71,3.71,3.71,3.71,3.71,3.71,3.71,3.71
YEM5,Yellow Eyed Mullet,,,,,3.71,3.62,3.62,3.62,3.62,3.62,3.62,3.62,3.62,3.62
YEM6,Yellow Eyed Mullet,,,,,3.71,3.71,3.71,3.71,3.71,3.71,3.71,3.71,3.71,3.71
YEM7,Yellow eyed Mullet,1.38,1.38,3.35,3.75,3.72,3.62,3.62,3.62,3.62,3.62,3.62,3.62,3.62,3.62
YEM8,Yellow eyed Mullet,1.38,1.38,3.35,3.75,3.72,3.72,3.72,3.72,3.72,3.72,3.72,3.72,3.72,3.72
YEM9,Yellow eyed Mullet,2.46,2.46,3.07,3.47,3.44,3.93,3.93,3.93,3.37,4.06,4.055555556,4.055555556,4.055555556,4.055555556
YFN1,Yellowfin Tuna,6.98,6.98,10.47,6.51,6.46,6.46,6.46,6.46,6.46,6.46,6.46,6.46,6.46,6.46
